,Bi-gram,Freq
0,nutrition fitness,653
1,nutrition diet,605
2,diet nutrition,539
3,diet fitness,534
4,stress anxiety,501
5,motivation workout,436
6,fitness nutrition,397
7,fitness healthyfood,396
8,diet weightloss,348
9,nutrition healthyfood,344
10,weight loss,307
11,lean exercise,307
12,workout gym,303
13,exercise muscle,299
14,weightloss diet,297
15,tagfire yoga,292
16,yoga diet,285
17,fitness workout,282
18,fitness stress,267
19,healthyfood weightloss,265
20,workout lean,264
21,fit diet,263
22,fitness weightloss,259
23,anxiety happiness,257
24,happiness nutrition,251
25,funny hot,251
26,nutrition funny,248
27,hot cool,247
28,hot funny,246
29,vegan vegetarian,242
30,cool smile,241
31,healthyeating healthyfood,241
32,fun hot,239
33,gym fit,238
34,keto diet,231
35,healthyfood healthyeating,230
36,lose weight,228
37,weightloss nutrition,224
38,diet motivation,220
39,nutrition healthyeating,212
40,healthyfood healthyliving,204
41,healthyfood fitness,204
42,fit fitnessmotivation,199
43,fitness training,192
44,healthyeating healthyliving,187
45,anxiety happy,185
46,healthyfood diet,183
47,fitness diet,181
48,healthyeating nutrition,181
49,organic vegan,178
50,yoga selfies,177
51,fatloss weightloss,177
52,dairy milk,174
53,weightloss weightlossjourney,172
54,workout diet,168
55,fitness fitnessmotivation,168
56,plantbased vegan,167
57,healthyliving healthyfood,164
58,weightloss fitness,164
59,muscle fit,164
60,happy smile,162
61,indiauk usa,162
62,style fun,160
63,immune system,157
64,diet dietplan,155
65,nutrition weightloss,154
66,selfies dental,153
67,asthma stress,153
68,dental breadth,152
69,breadth asthma,152
70,training workout,152
71,fitness motivation,150
72,exercise workout,147
73,recipe recipeoftheday,147
74,healthyliving healthyeating,146
75,usa japan,146
76,exercise fitness,146
77,fruits vegetables,145
78,burnfat fatloss,140
79,fitness gym,137
80,family friends,136
81,diabetes diet,133
82,workout fit,133
83,blood sugar,132
84,fitness exercise,128
85,milk verifresh,127
86,weightloss healthyfood,124
87,vegan plantbased,123
88,blood pressure,123
89,verifresh ujjwalghee,123
90,vitamins minerals,122
91,mind body,120
92,gym nutrition,117
93,vegetarian vegan,115
94,fitness fit,115
95,muscle strong,115
96,healthyfood nutrition,112
97,healthyfood motivation,112
98,gratitude nasa,111
99,light family,111
100,motivate inspire,111
101,vegan veganism,111
102,fitnessmotivation healthyliving,111
103,workout nutrition,111
104,build bebetter,110
105,bebetter bettertogether,110
106,goodreads books,110
107,books motivate,110
108,inspire hope,110
109,hope healthyeats,110
110,healthyeats blessed,110
111,blessed inspirational,110
112,inspirational motivational,110
113,motivational wisdom,110
114,wisdom spiritualhealth,110
115,spiritualhealth fitness,110
116,nasa space,109
117,space faith,109
118,faith travel,109
119,bettertogether goodreads,108
120,peace gratitude,107
121,letfoodbeyourmedicine nutrition,107
122,nutrition plantbased,107
123,tagfire beauty,106
124,bbu build,105
125,weightloss healthyliving,105
126,smile followme,104
127,healthyrecipes nutrition,103
128,tuesdayvibe tuesdaymotivations,103
129,tips healthtips,102
130,webdesign business,102
131,diet healthyliving,100
132,heart disease,99
133,healthyliving fitness,99
134,healthyfood vegan,99
135,weightloss gym,99
136,friends meditation,98
137,healthyeating fitness,98
138,followme style,98
139,healthyeating fitfam,98
140,strong fit,97
141,weightloss weightgain,96
142,healthyfood fit,96
143,fitness bjthompson,95
144,recipe recipes,95
145,join us,94
146,follow us,93
147,healthyfood nature,93
148,diet exercise,92
149,business websites,91
150,vegan healthyeating,91
151,luxury recipe,91
152,websites light,90
153,healthyliving bodybuilding,90
154,gym healthyfood,90
155,weightloss motivation,90
156,burnfat fitness,88
157,fit motivation,87
158,japan cooking,87
159,recipes inspiration,87
160,exercise weightloss,86
161,nutrition healthyliving,86
162,delhi plantbased,86
163,motivation nutrition,86
164,marketing seo,86
165,nutritionist diabeteseducator,85
166,mentalhealth diet,84
167,instafood organic,82
168,fitness healthyliving,82
169,business marketing,82
170,vegan veganfood,81
171,plantbased diet,81
172,nutrition burnfat,81
173,diet diabetes,80
174,black hispanic,80
175,nutrition blogger,80
176,ketodiet keto,80
177,logo friends,79
178,fit bodybuilding,79
179,vegan natural,78
180,diabeteseducator childnutritionist,78
181,dietplan weightloss,78
182,weightgain exercise,78
183,organic organicfoods,78
184,learn iuic,78
185,nativeamerican nativeindian,78
186,hispanic mexican,78
187,nutrition bingeeating,77
188,intuitiveeating cbt,77
189,cbt sanjose,77
190,sanjose mentalhealth,77
191,let us,77
192,nutrition exercise,77
193,nutrition nutritionist,77
194,vegan healthyfood,77
195,childnutritionist diabetes,77
196,mexican nativeamerican,77
197,africanamerican black,76
198,vegan cooking,75
199,workout exercise,75
200,smile style,75
201,bodybuilding healthyeating,75
202,vegan protein,75
203,mumbai asia,75
204,olive oil,74
205,weightloss workout,74
206,world safety,74
207,diet yoga,73
208,lamuscle burnfat,73
209,nutrition protein,72
210,fitfam vegan,72
211,review luxury,72
212,living phenoms,72
213,nutrition natural,71
214,home remedies,71
215,fit fitness,71
216,foodblogger fit,71
217,restaurants review,71
218,construction business,71
219,inspiration mind,71
220,iuic bayarea,71
221,bayarea oakland,71
222,oakland africanamerican,71
223,nutrition tips,70
224,take care,70
225,tagfire diet,70
226,cool fun,70
227,sustainability mumbai,70
228,get rid,69
229,beauty yoga,69
230,bjthompson standinthegap,69
231,healthyfood bodybuilding,68
232,fit mumbai,68
233,seo recipes,68
234,fitness vegan,67
235,organicfoods organicfooddelivery,67
236,vegan glutenfree,67
237,healthyliving nutrition,65
238,glutenfree fitness,65
239,exercise blog,65
240,nativeindian herbs,65
241,nutrition workout,64
242,healthyfood healthylife,64
243,funny beauty,64
244,lovelife zen,64
245,zen peaceful,64
246,peaceful hollywood,64
247,hollywood olgaroderick,64
248,olgaroderick onewithspirit,64
249,onewithspirit ohio,64
250,ohio behealthy,64
251,behealthy cannabis,64
252,marijuana justsaying,64
253,dubai uae,64
254,mentalhealth yoga,64
255,foodandbeverage foodandnutrition,64
256,foodandnutrition foodindustry,64
257,marketresearch market,64
258,diet plan,63
259,low carb,63
260,sustainable sustainability,63
261,vegan nutrition,63
262,inspiration gt,63
263,howto tips,63
264,30novembre 30november,63
265,instafood fitness,63
266,yoga exercise,63
267,cannabis medicalmarijuana,63
268,medicalmarijuana marijuana,63
269,body exercise,63
270,nutrition weightlossjourney,63
271,bodybuilding weightlossjourney,63
272,stressrelief mentalhealth,63
273,foodindustry beverage,63
274,beverage marketresearch,63
275,nutrition vegan,62
276,milk dairy,62
277,healthyeating vegan,62
278,30november tuesdayvibe,62
279,tuesdaymotivations tuesdaymotivaton,62
280,trending delhi,62
281,natural stressrelief,62
282,finedining restaurants,62
283,blog meal,62
284,naturesbeauty fantastic,62
285,heart family,62
286,family friend,62
287,weight weightloss,61
288,boost immunity,61
289,would like,61
290,diet healthyeating,61
291,fyi inspiration,61
292,skincare healthyfood,61
293,fitnessmotivation motivation,61
294,natural skincare,60
295,nature beauty,60
296,motivation inspiration,60
297,healthyeating yummy,60
298,funny sports,60
299,loseweight howtoloseweight,59
300,gym workout,59
301,awardwinning book,59
302,diet gym,59
303,organicfooddelivery organicfoodproducts,59
304,organic healthyfood,59
305,bossi vision,59
306,vision media,59
307,comedy standup,59
308,standup funny,59
309,sports baseball,59
310,balanced diet,58
311,diet healthyfood,58
312,high protein,58
313,children nutrition,58
314,protein fitness,58
315,medical wellbeing,58
316,weightlossjourney healthyeating,58
317,veganism veganfood,58
318,nutrition wellbeing,57
319,fitness healthyeating,57
320,yoga stress,57
321,dietsehat fit,57
322,cleaneating vegan,57
323,healthtips dubai,57
324,cooking bonappetit,57
325,drink dinner,57
326,improv subscribe,57
327,subscribe follow,57
328,high blood,56
329,family home,56
330,cooking kitchen,56
331,selfcare fitness,56
332,baseball earth,56
333,earth improv,56
334,plantbased nutrition,55
335,fitness yoga,55
336,protein training,55
337,training exercise,55
338,nutrition dietsehat,55
339,good nutrition,54
340,tips diet,54
341,watch video,54
342,mediterranean diet,54
343,fruit vegetables,54
344,plantbased indiauk,54
345,training lean,54
346,vegetarian trending,54
347,recipe cooking,53
348,meal plan,53
349,nutrition childnutrition,53
350,onlineadvertising digitalmarketing,53
351,weightloss vegan,53
352,weightlossjourney fitness,53
353,fitnessmotivation weightloss,53
354,weightlossjourney eatclean,53
355,foodsystems vegan,53
356,healthyliving weightloss,52
357,book author,52
358,getgreengetgrowing gngagritech,52
359,blog blogger,52
360,organicfoodproducts organicshop,52
361,veganco vegan,52
362,uae saudiarabia,52
363,media drink,52
364,lower risk,51
365,medicine nutrition,51
366,peanut butter,51
367,diet dieting,51
368,author children,51
369,homervillehound lovelife,51
370,vegansofmumbai vegansofindia,51
371,cakes finedining,51
372,art coffee,50
373,click link,50
374,diet weightlossdiet,50
375,diabetes yoga,50
376,childnutrition mood,50
377,gym weightloss,50
378,sixpack nutrition,50
379,leanmuscle nutrition,50
380,cooking foodblogger,50
381,uk usa,50
382,holikerangtastydairykesang tastydairy,50
383,travel art,49
384,top 10,49
385,vegetables fruits,49
386,stress walking,49
387,cooking recipes,49
388,body good,49
389,healthyliving diet,49
390,healthyliving foodlover,49
391,veganfood vegansofmumbai,49
392,vegansofbengaluru selfcare,49
393,foodindustry foodhygiene,49
394,healthyeating agriculture,49
395,ketogenic ketolife,49
396,vegan naturesbeauty,49
397,vegan diet,48
398,link bio,48
399,fitness tagfire,48
400,walking flu,48
401,flu anxiety,48
402,anxiety pain,48
403,wethenorth fyi,48
404,vegansofindia vegansofdelhi,48
405,follow espn,48
406,gngagritech greenstories,47
407,reduce risk,47
408,pain medical,47
409,yummy foodblogger,47
410,motivation fit,47
411,organic nutrition,47
412,gym foodblogger,47
413,lunch dinner,47
414,vegansofdelhi vegansofbangalore,47
415,vegansofbangalore vegansofbengaluru,47
416,thefitnessfounder fitness,47
417,ujjwal ghee,47
418,motivation weightloss,46
419,best way,46
420,healthyeating weightloss,46
421,yoga diabetes,46
422,fit gym,46
423,recipes recipe,46
424,bodybuilding workout,46
425,protein fiber,46
426,foodstagram healthyliving,46
427,standinthegap community,46
428,weightloss ketogenic,46
429,saudiarabia oman,46
430,bonappetit cakes,46
431,recipeoftheday construction,46
432,dairy verifresh,46
433,verifresh ujjwal,46
434,ghee holi,46
435,holi festival,46
436,family cars,45
437,body mind,45
438,gt peace,45
439,plantbased bio,45
440,homedelivery convenience,45
441,foodblogger foodstagram,45
442,eatclean gym,45
443,asia middleeast,45
444,coffee motivation,44
445,climate change,44
446,tastydairy dairy,44
447,plant based,44
448,friends family,44
449,beauty plantbased,44
450,fitnessmotivation healthyeating,44
451,healthyeating diet,44
452,usa japanesefood,44
453,fitness govegan,44
454,market healthyeating,44
455,espn youtube,44
456,foodpackaging globalnews,44
457,meditation webdesign,43
458,healthyfood plantbased,43
459,wellbeing nutrition,43
460,workout motivation,43
461,nutrition fit,43
462,music travel,43
463,motivation fitness,43
464,workout fitness,43
465,weightloss healthyeating,43
466,fitness weightlossjourney,43
467,cooking homemade,43
468,education nutrition,43
469,testosterone leanmuscle,43
470,organic fit,43
471,travel world,43
472,home recipes,43
473,fitness eatclean,43
474,tastydairy milk,43
475,ujjwalghee buttermilk,43
476,festival immunity,43
477,weightlossjourney cleaneating,43
478,money mentalhealth,42
479,see blog,42
480,travel coffee,42
481,diabetes weightloss,42
482,plantbased organic,42
483,risk heart,42
484,weightlossjourney weightlosstips,42
485,meat diet,42
486,healing body,42
487,nutrition foodscience,42
488,style design,42
489,activist activism,42
490,activism sustainable,42
491,community serve,42
492,workout weightloss,42
493,family education,42
494,weightloss loseweight,41
495,quick easy,41
496,nutrition organic,41
497,vegan organic,41
498,eatclean fitnessmotivation,41
499,tuesdaymotivations tuesdayvibe,41
500,healthyfood vegetarian,41
501,blog prediabetes,41
502,back diabetes,41
503,diabetes prediabetes,41
504,art interiors,41
505,salata salad,41
506,youtube yesnetwork,41
507,itsyummyfithealthyeating healthyfood,41
508,nutrition science,40
509,madeinrwanda eastafrica,40
510,eastafrica nutrition,40
511,nutrition gym,40
512,ujjwalghee immunity,40
513,plantbased vegetarian,40
514,diabetes fitness,40
515,yoga weightloss,40
516,chef chefs,40
517,instagood healthyfood,40
518,body spirit,40
519,fitnessmotivation gym,40
520,nutrition cleaneating,40
521,prediabetes back,40
522,interiors style,40
523,fitfam eatclean,40
524,keto ketogenic,40
525,2020 tastyfix,40
526,dont miss,39
527,salt sugar,39
528,water energy,39
529,protein nutrition,39
530,bio handmade,39
531,foodblogger fitness,39
532,black bean,39
533,happy peace,39
534,weightlossjourney nutrition,39
535,instagood vegan,39
536,bingeeating bayarea,39
537,bayarea intuitiveeating,39
538,justsaying vegetarian,39
539,fantastic heart,39
540,diet diet,38
541,bingeeating intuitiveeating,38
542,nutrition cooking,38
543,us comments,38
544,fitness mumbai,38
545,motivation sustainability,38
546,daily nutrition,38
547,fitnessmotivation exercise,38
548,farms farming,38
549,muscle bodybuilding,38
550,diet carbs,38
551,jesus soul,38
552,take look,37
553,healthyeating healthylife,37
554,weight gain,37
555,family art,37
556,art mentalhealth,37
557,fatty acids,37
558,organic natural,37
559,nutrition motivation,37
560,healthyeating foodies,37
561,weightloss instagood,37
562,diet supplements,37
563,torontofoodfood vancouverfoodiehealthy,37
564,chickenlovers homedelivery,37
565,fit nutrition,37
566,full article,37
567,exercise mayoclinic,37
568,yesnetwork yankees,37
569,cars money,36
570,breakfast lunch,36
571,dark chocolate,36
572,brown rice,36
573,exercise training,36
574,style cool,36
575,herbal nutrition,36
576,energy body,36
577,fitness fitfam,36
578,workout fitnessmotivation,36
579,recipe organic,36
580,eatclean healthyeating,36
581,organicfood sustainable,36
582,sustainability farms,36
583,gym muscle,36
584,buttermilk unite2fightcorona,36
585,unite2fightcorona immunity,36
586,gym ketodiet,36
587,globalnews meat,36
588,healthyfood instafood,35
589,blog post,35
590,mindfulness motivation,35
591,diet torontofoodfood,35
592,healthtech healthyfood,35
593,recipe rice,35
594,write us,35
595,recipes cooking,35
596,tip dietplan,35
597,superfood nutrition,35
598,healthyliving exercise,35
599,goals coach,35
600,immunity fridaymotivation,35
601,keto healthyfood,35
602,recipes ingredients,35
603,healthyfood detox,34
604,live longer,34
605,tips fitness,34
606,tips howto,34
607,cooking nutrition,34
608,salt sodium,34
609,receta en,34
610,protein diet,34
611,diet keto,34
612,side effects,34
613,fruits veggies,34
614,cook recipe,34
615,cooking homecooking,34
616,bodybuilding weightloss,34
617,carbs carbohydrates,34
618,fit healthyeating,34
619,gym fitness,34
620,healthyfood yummy,34
621,trending fitness,34
622,soul happy,34
623,milktastydairy dairy,34
624,fitfam fitness,34
625,ingredients london,34
626,london shoplocal,34
627,shoplocal verticalfarming,34
628,verticalfarming sustainability,34
629,healthyfood dieta,34
630,fitlistopad fitnessgirl,34
631,fitnessgirl fightback,34
632,fightback fitnessmodel,34
633,agriculture foodinsecurity,34
634,water webdesign,33
635,type diabetes,33
636,happy world,33
637,feel good,33
638,diet workout,33
639,blogger healthyeating,33
640,beans cook,33
641,rice blackbeansandrice,33
642,blackbeansandrice veganfood,33
643,veganfood blackbean,33
644,blackbean cuban,33
645,cuban nutrition,33
646,breakfast healthydiet,33
647,red meat,33
648,climatecrisis climateemergency,33
649,weightloss trending,33
650,plantbasedfood plantbased,33
651,prediabetes diet,33
652,delhi indiauk,33
653,foodlover homemade,33
654,govegan vegansofig,33
655,recipes quote,33
656,healthyfood dietitiansofinstagram,33
657,foodhygiene iso,33
658,foodtechnology safety,33
659,exercise nutritioncoach,33
660,healthyliving instafood,33
661,products berrygood,33
662,dieta usa,33
663,usa cappuccino,33
664,cappuccino fitlistopad,33
665,fitnessmodel bodybuilding,33
666,kitchen cooking,32
667,vitamins supplements,32
668,read full,32
669,nutritional value,32
670,dietplan nutrition,32
671,tell us,32
672,green tea,32
673,use code,32
674,weightloss weightlosstips,32
675,protein chickenlovers,32
676,carbohydrates carbcounting,32
677,healthylife veggies,32
678,veggies breakfast,32
679,browse topics,32
680,topics frizemedia,32
681,frizemedia arts,32
682,arts business,32
683,business fashion,32
684,muscle lean,32
685,dietplan dietfood,32
686,lamuscle diet,32
687,sweet potatoes,32
688,motivation vegan,32
689,good explore,32
690,vegan fitness,32
691,fitness travel,32
692,gym cooking,32
693,wednesdaythoughts wednesdaywisdom,32
694,berrygood fitness,32
695,peace discover,32
696,discover healing,32
697,intermittent fasting,31
698,innovation technology,31
699,meal prep,31
700,good source,31
701,losing weight,31
702,plantbased protein,31
703,diet weight,31
704,gut microbiome,31
705,low calories,31
706,recipes recipeoftheday,31
707,recetas recipes,31
708,ibgroup abis,31
709,carbnutrition nutritionist,31
710,follobackforfolloback salad,31
711,fruit freshjuice,31
712,diet fitnessgoals,31
713,wellnesstips tipsandtricks,31
714,tipsandtricks tip,31
715,blogger art,31
716,fitnessmotivation healthyfood,31
717,farming agriculture,31
718,beauty healthyliving,31
719,decor zen,31
720,change jayz,31
721,farming healthyeating,31
722,foodscience foodtechnology,31
723,education children,31
724,contact us,31
725,ketolife ketorecipes,31
726,ketorecipes ketogenicdiet,31
727,instafood fresh,31
728,dinner music,31
729,music comedy,31
730,yankees mlb,31
731,immunity puzzle,31
732,explore wisdom,31
733,wisdom family,31
734,vegetarian diet,30
735,lower blood,30
736,nuts seeds,30
737,stress diet,30
738,cooking fitness,30
739,daily diet,30
740,good bad,30
741,mindset fitness,30
742,dairy products,30
743,visit us,30
744,carnivore ketodiet,30
745,immunity immunesystem,30
746,immunity instafood,30
747,healthydiet foodies,30
748,us daily,30
749,26novembre fridaymorning,30
750,25nov thursdayvibes,30
751,healthyliving fitnessmotivation,30
752,freshjuice smoothie,30
753,apple cider,30
754,bodybuilding fitfam,30
755,call us,30
756,salad organic,30
757,fit vegetarian,30
758,middleeast healthyrecipes,30
759,safety foodtech,30
760,foodtech safefood,30
761,ketogenicdiet ketosis,30
762,ketoxicompilation2021 ketoplan,30
763,ketoplan weightlossjourney,30
764,drink cooking,30
765,puzzle wednesdaythoughts,30
766,friend spiritual,30
767,fresh instagood,30
768,feedyoursoul beauty,30
769,choice tonight,30
770,tonight jesus,30
771,friends beautiful,30
772,recipes healthyfood,29
773,meditation water,29
774,everything need,29
775,sugar levels,29
776,loved ones,29
777,great source,29
778,beauty tagfire,29
779,exercise diet,29
780,handmade cannabis,29
781,weightloss yoga,29
782,keto zerocarb,29
783,abis alam197,29
784,novadairy novadairyproducts,29
785,ghee dairy,29
786,foodies trending,29
787,fitnessgoals contestalert,29
788,contestalert healthyeating,29
789,healthyeating herbs,29
790,herbs quiz,29
791,quiz healthychoices,29
792,lamuscle superfood,29
793,gym motivation,29
794,hormones testosterone,29
795,weightlossdiet weightlosstips,29
796,salad fruitsbasket,29
797,testo fertility,29
798,dinner healthyfood,29
799,house home,29
800,diabetes t1d,29
801,delicious nutrition,29
802,ketosis ketobread,29
803,ketobread ketoxicompilation2021,29
804,rainbow instafood,29
805,recipes rasoi,29
806,rasoi khana,29
807,khana fitness,29
808,travel chef,29
809,chef meal,29
810,fitnessmotivation fitgirls,29
811,beautiful feedyoursoul,29
812,boost immune,28
813,supplements weightloss,28
814,gym diet,28
815,dietitian nutrition,28
816,delicious nutritious,28
817,glutenfree cbd,28
818,carnivorediet carnivore,28
819,home tagfire,28
820,mealprep menu,28
821,vegetarian healthyfood,28
822,weightloss weightlossdiet,28
823,fitfam beauty,28
824,15 gms,28
825,trending follobackforfolloback,28
826,healthychoices wellnesstips,28
827,dietfood goodfood4all,28
828,vegetarian fitness,28
829,smoothie juicing,28
830,exercise tips,28
831,us 91,28
832,organicskincare organicfood,28
833,healthyliving goodfood,28
834,ketogenic ketodiet,28
835,fitgirls motivation,28
836,motivation keto,28
837,healthyfood comedy,28
838,cooking cook,27
839,fruit vegetable,27
840,stayfit diet,27
841,exercise keto,27
842,weightloss fatloss,27
843,thursdaythoughts thursdaymotivation,27
844,herbs spices,27
845,around world,27
846,nutrition fatloss,27
847,fitness beauty,27
848,high quality,27
849,study finds,27
850,tips lose,27
851,motivation gym,27
852,immunesystem nutrition,27
853,8exercise eyes,27
854,eyes get,27
855,children kids,27
856,veganfood vegetarian,27
857,recipeoftheday recipes,27
858,nutrition immunity,27
859,detox fruit,27
860,healthyliving motivation,27
861,physique exercise,27
862,diet weightlossjourney,27
863,menshealth womenshealth,27
864,chemicalfree fitness,27
865,novadairyproducts ghee,27
866,iso foodscience,27
867,milk2 ujjwal,27
868,ujjwal ghee3,27
869,fitness loseweight,27
870,homecooking homeworkout,27
871,homeworkout transformation,27
872,fitness howtoloseweight,27
873,participants needed,26
874,good good,26
875,men women,26
876,weight fast,26
877,drinking water,26
878,digestive system,26
879,tart cherries,26
880,long term,26
881,nutrition nutrition,26
882,agriculture farming,26
883,read article,26
884,cbd crueltyfree,26
885,delicious recipes,26
886,vancouverfoodiehealthy soup,26
887,education water,26
888,gms carbnutrition,26
889,organicshop organicmixdal,26
890,nova novadairy,26
891,rid glasses,26
892,fit workout,26
893,november family,26
894,ever tried,26
895,exercise nutritionist,26
896,21november 21novembre,26
897,plant protein,26
898,diet may,26
899,yummy delicious,26
900,cider vinegar,26
901,festival celebration,26
902,fertility menshealth,26
903,gym exercise,26
904,mindset body,26
905,trending mumbai,26
906,spirit mindbodyspirit,26
907,mindbodyspirit physique,26
908,eatclean eatyourgreens,26
909,healthtipstamil healthtips,26
910,healthtips daily,26
911,calories energy,26
912,yogapod sleep,26
913,healthyliving livehealthyae,26
914,healthyplate diet,26
915,foodscience calories,26
916,agriculture foodpackaging,26
917,survey surveycircle,25
918,ketogenic diet,25
919,science medicine,25
920,keto ketodiet,25
921,diet tips,25
922,dont forget,25
923,get ready,25
924,sample report,25
925,training nutrition,25
926,nutrition yoga,25
927,delicious yummy,25
928,coming soon,25
929,eco organic,25
930,cannabis glutenfree,25
931,simple ways,25
932,homemade cooking,25
933,ice cream,25
934,nutrition trending,25
935,heart obesity,25
936,sweet potato,25
937,21nov 21november,25
938,juicing fresh,25
939,healthyliving healthylife,25
940,menshealth hormones,25
941,eatclean cleaneating,25
942,increased risk,25
943,nutrition education,25
944,mumbai asianfood,25
945,plantbased plants,25
946,design japan,25
947,nutrition mindfulness,25
948,sport travel,25
949,crueltyfree organicskincare,25
950,vancouverfoodie torontofood,25
951,21see diet,25
952,kids medicine,25
953,butter milktastydairy,25
954,meat healthyeating,25
955,nepal holikerangtastydairykesang,25
956,cooking startup,25
957,2024visit foodandbeverage,25
958,toronto logo,24
959,body needs,24
960,keto weight,24
961,good choices,24
962,cooking baking,24
963,fresh fruit,24
964,weightloss exercise,24
965,recipes receta,24
966,good morning,24
967,fitnessmotivation training,24
968,100 natural,24
969,vegetarian eco,24
970,full recipe,24
971,weightloss stress,24
972,tea coffee,24
973,lesfrrebelles recetas,24
974,check latest,24
975,selfcare selflove,24
976,detox weightloss,24
977,fashion motivation,24
978,trending music,24
979,cooking recipe,24
980,healthtips howto,24
981,fitness mindfulness,24
982,thursdayvibes 25novembre2021,24
983,happy thanksgiving,24
984,21novembre sundayvibes,24
985,natural organic,24
986,workout training,24
987,chia seeds,24
988,fruit fruits,24
989,women men,24
990,diet vegan,24
991,mondaymotivation mondaythoughts,24
992,world contemporary,24
993,gift buy,24
994,zen shop,24
995,meat drink,24
996,staysafe stayhealthy,24
997,eatyourgreens lunch,24
998,zerohunger education,24
999,saffron healthtips,24
1000,immunity join,24
1001,festival classes,24
1002,classes seminars,24
1003,plantbased alkaline,24
1004,weightloss products,24
1005,every single,23
1006,getting enough,23
1007,nairobi kenya,23
1008,years ago,23
1009,cooking yummy,23
1010,omega3 fatty,23
1011,great way,23
1012,cholesterol levels,23
1013,grocery store,23
1014,healthier choices,23
1015,fitness body,23
1016,nutrition yum,23
1017,easy ways,23
1018,fitnessmotivation fitness,23
1019,homemade delicious,23
1020,weightlosstips weightloss,23
1021,tips nutrition,23
1022,blogger diet,23
1023,nutrition supplements,23
1024,workout muscle,23
1025,drvijaykumarmane modernhomeopathy,23
1026,modernhomeopathy homeopathy,23
1027,homeopathy fitness,23
1028,motivation trending,23
1029,trending fruits,23
1030,29novembre 29november,23
1031,exercise nutrition,23
1032,abs sixpack,23
1033,fitness organic,23
1034,fitness foodphotography,23
1035,healthyeating eathealthy,23
1036,eatclean nutrition,23
1037,beauty skincare,23
1038,organic plantbased,23
1039,marijuana marijuanastocks,23
1040,safety foodsafety,23
1041,medicine medical,23
1042,foodblogger delhi,23
1043,photography fitness,23
1044,vegetarian plantbased,23
1045,natural healthyfood,23
1046,haccp foodindustry,23
1047,yummy beirut,23
1048,beniceke zerohunger,23
1049,happy yogasleepnode,23
1050,primary school,23
1051,nutritioncoach gymlife,23
1052,ghee3 icecream4,23
1053,icecream4 butter,23
1054,meal makeup,23
1055,wellbeing lowcarb,23
1056,losangelesfood veganfood,23
1057,body education,23
1058,wellnesscoach glutenfree,23
1059,discounts fitness,23
1060,seminars discounts,23
1061,coatedsilver silver,23
1062,silver human,23
1063,human immunity,23
1064,2025visit foodandbeverage,23
1065,foodinsecurity foodpackaging,23
1066,wethenorth peace,22
1067,needed online,22
1068,online surveytopic,22
1069,family mentalhealth,22
1070,fruit veg,22
1071,nutrients nutrition,22
1072,excellent source,22
1073,keep body,22
1074,social media,22
1075,source vitamin,22
1076,diet disease,22
1077,nutritionist diet,22
1078,bombay boy,22
1079,looking forward,22
1080,mood healthyrecipes,22
1081,fashion travel,22
1082,science nutrition,22
1083,digitalmarketing digitalmarketingservices,22
1084,fashion beauty,22
1085,yoga nutrition,22
1086,yoga fitness,22
1087,cooking organicfood,22
1088,organicfood gym,22
1089,mumbai healthyrecipes,22
1090,obesity diabetes,22
1091,taibapm packaging,22
1092,machine machinery,22
1093,powder milk,22
1094,milk flour,22
1095,diet dietfood,22
1096,fitness hot,22
1097,fitness tv,22
1098,news fun,22
1099,humor comedy,22
1100,home family,22
1101,vegetarian veganfood,22
1102,nutrition fitfam,22
1103,gain weight,22
1104,29november november,22
1105,foodindustry processedfood,22
1106,superfood sixpack,22
1107,family fun,22
1108,keto nutrition,22
1109,loss weightloss,22
1110,muscle diet,22
1111,gymlife diet,22
1112,juicewrld vegan,22
1113,fresh juicecleanse,22
1114,foodblogger mumbai,22
1115,healthyfood kayawell,22
1116,nutritionist nutrition,22
1117,healthyeating organic,22
1118,vegan middleeast,22
1119,middleeast cooking,22
1120,prediabetes diabetes,22
1121,visit nova,22
1122,beauty skin,22
1123,distribution tomorrow,22
1124,yummy family,22
1125,lunch lebanon,22
1126,sleep exercise,22
1127,yogasleepnode joy,22
1128,joy gratitude,22
1129,children motivation,22
1130,ujjwalghee ghee,22
1131,ghee buttermilk,22
1132,buttermilk holi,22
1133,holi contest,22
1134,contest festival,22
1135,healthlifestyle healthyfood,22
1136,fantastic magic,22
1137,magic heart,22
1138,startup earth,22
1139,earth invest,22
1140,invest banking,22
1141,banking review,22
1142,recipe stocks,22
1143,stocks bonds,22
1144,immunity drink,22
1145,healthyfood covidfree,22
1146,covidfree covid19india,22
1147,keep mind,21
1148,good news,21
1149,lowcarb keto,21
1150,website blog,21
1151,nutrition eathealthy,21
1152,body fitness,21
1153,beverages cannabis,21
1154,reduce inflammation,21
1155,fitness immunity,21
1156,plantbased meat,21
1157,post workout,21
1158,protein powder,21
1159,sustainability environment,21
1160,nutrition sustainability,21
1161,reading healthyeating,21
1162,different types,21
1163,get back,21
1164,funny fun,21
1165,packaginmachinery machine,21
1166,diet stress,21
1167,common myths,21
1168,ways boost,21
1169,fun sports,21
1170,fitness carbs,21
1171,gym picoftheday,21
1172,fitness trending,21
1173,plantbased veganfood,21
1174,healthyfood crueltyfree,21
1175,25novembre 25nov,21
1176,sunlightcontestalert giveway,21
1177,breakfast recipe,21
1178,motivation diet,21
1179,diet abs,21
1180,nutrition fitnessmotivation,21
1181,totally organic,21
1182,wellbeing travel,21
1183,fitnessmotivation bodybuilding,21
1184,nutrition nutritiontips,21
1185,vegan fitnessmotivation,21
1186,place order,21
1187,nutrition eatclean,21
1188,nutrition diabetes,21
1189,healthtips fitness,21
1190,fitness muscle,21
1191,lowcarb recipe,21
1192,buy culture,21
1193,japanesefood cooking,21
1194,boost energy,21
1195,prepare healthyliving,21
1196,nutrition goodlife,21
1197,selfcare nutrition,21
1198,nirvana organic,21
1199,cupofuji beniceke,21
1200,dietitiansofinstagram healthyeating,21
1201,mlb nfl,21
1202,drink safe,21
1203,market meat,21
1204,audio gem,20
1205,amino acids,20
1206,realestate business,20
1207,simple tips,20
1208,best diet,20
1209,important part,20
1210,energy levels,20
1211,organic healthyeating,20
1212,diet happy,20
1213,add diet,20
1214,whole wheat,20
1215,gut microbiota,20
1216,howtoloseweight weightlossdiet,20
1217,diabetes nutrition,20
1218,toxic chemicals,20
1219,feel like,20
1220,read blog,20
1221,sports entertainment,20
1222,nutrition mentalhealth,20
1223,fuel body,20
1224,immunity nutrition,20
1225,hard work,20
1226,delicious recipe,20
1227,cleaneating diet,20
1228,physical mental,20
1229,protein vitamins,20
1230,feel better,20
1231,shapes child,20
1232,disease diabetes,20
1233,veganism vegetarian,20
1234,gratitude list,20
1235,also known,20
1236,glycemic index,20
1237,dietary guidelines,20
1238,nutrition facts,20
1239,agriculture nutrition,20
1240,tasty delicious,20
1241,foodies healthyfood,20
1242,soup healthyliving,20
1243,filling fillingmachine,20
1244,beauty diet,20
1245,tv tvshow,20
1246,glasses tagfire,20
1247,juicecleanse fruits,20
1248,fun wow,20
1249,healing mindset,20
1250,27nov 27novembre,20
1251,27novembre november,20
1252,november friends,20
1253,choices good,20
1254,fruit value,20
1255,value diet,20
1256,diet frizemedia,20
1257,viataperfecta perfectlife,20
1258,essential nutrients,20
1259,youtube channel,20
1260,healthyfood recipe,20
1261,joy happy,20
1262,human body,20
1263,cannabis marijuana,20
1264,healthyliving cvs,20
1265,cvs exercise,20
1266,japan wellbeing,20
1267,organic soup,20
1268,vegetarian blogger,20
1269,tupperware storage,20
1270,plan prepare,20
1271,healthyliving livingwell,20
1272,asianfood middleeast,20
1273,milk staysafe,20
1274,organicfood nirvanaorganic,20
1275,nirvanaorganic chemicalfree,20
1276,fatloss diet,20
1277,nova dairy,20
1278,oman cooking,20
1279,fitfam nutritionist,20
1280,nutrition beauty,20
1281,gig fiverr,20
1282,healthyfood wellnesscoach,20
1283,weightlossjourney healthyliving,20
1284,decor luxury,20
1285,safe justonedrop,20
1286,meditation realestate,19
1287,diet cooking,19
1288,cook cooking,19
1289,dont want,19
1290,dinner lunch,19
1291,greek yogurt,19
1292,year old,19
1293,sports nutrition,19
1294,strengthen immune,19
1295,environment sustainability,19
1296,may reduce,19
1297,united states,19
1298,diet important,19
1299,diet wellbeing,19
1300,sugar nutrition,19
1301,lean muscle,19
1302,weight management,19
1303,diabetes obesity,19
1304,mentalhealth mentalhealthmatters,19
1305,want lose,19
1306,weightloss diabetes,19
1307,stay tuned,19
1308,whats favorite,19
1309,blog blogging,19
1310,wide range,19
1311,flour quadro,19
1312,quadro nuts,19
1313,comedian comics,19
1314,organic organicfood,19
1315,selfies diabetes,19
1316,drink nutrition,19
1317,tasty cooking,19
1318,wow crazy,19
1319,family recipeoftheday,19
1320,technology industry,19
1321,obesity podcast,19
1322,foodmanufacture foodindustry,19
1323,perfectlife inspireothers,19
1324,giveway vitamindsaturdaymorning,19
1325,manifacturing technology,19
1326,agriculture environment,19
1327,lamuscle testo,19
1328,training fitness,19
1329,sundayvibes family,19
1330,build muscle,19
1331,healthyeating gym,19
1332,healthyfood cleaneating,19
1333,brain memory,19
1334,cooking mumbai,19
1335,fitness wellbeing,19
1336,japan foodblogger,19
1337,storage mealprep,19
1338,mealstorage plan,19
1339,plants delicious,19
1340,vegetarian nutrition,19
1341,beirut vegan,19
1342,cleaneating eatclean,19
1343,nutritionist eatclean,19
1344,dementia alzheimers,19
1345,nonviolence change,19
1346,nutritionist exercise,19
1347,skin cook,19
1348,cook recipesbestcraze,19
1349,hello everyone,19
1350,dropping pounds,19
1351,pounds like,19
1352,check gig,19
1353,need logodesign,19
1354,logodesign photography,19
1355,nutrition realestate,19
1356,business website,19
1357,justonedrop antibacterial,19
1358,28 keto,19
1359,healthtips wellbeing,18
1360,study shows,18
1361,get started,18
1362,brain brainhealth,18
1363,body weight,18
1364,effective ways,18
1365,nutrition vitamins,18
1366,recipe nutrition,18
1367,happy national,18
1368,fitness tips,18
1369,week nutrition,18
1370,cooking diet,18
1371,black pepper,18
1372,plantbased diets,18
1373,story vegnca,18
1374,vegnca vganf,18
1375,vganf plantbased,18
1376,medicine medicine,18
1377,vegan homemade,18
1378,zone meal,18
1379,doesnt mean,18
1380,recipe tasty,18
1381,nature natural,18
1382,cherry tomatoes,18
1383,thy medicine,18
1384,every year,18
1385,healthyeating becoming,18
1386,becoming eater,18
1387,eater frizemedia,18
1388,healthyeating tips,18
1389,youre looking,18
1390,happy year,18
1391,fitness fruits,18
1392,clinicalnutrition wellbeing,18
1393,book awardwinning,18
1394,lets talk,18
1395,exercise sleep,18
1396,nutraceuticals nutrients,18
1397,go vegan,18
1398,women girls,18
1399,tagfire diabetes,18
1400,dinner dinnertime,18
1401,convenience abislaziz,18
1402,list wife,18
1403,trans fats,18
1404,tips weightloss,18
1405,fitness smile,18
1406,nutrition recipe,18
1407,fitness didyouknow,18
1408,cooking chef,18
1409,myths facts,18
1410,virus vaccine,18
1411,chocolate chip,18
1412,unpackthesalt breakupwithsalt,18
1413,obesity highbloodpressure,18
1414,science technology,18
1415,top story,18
1416,diet dietitian,18
1417,delicious breakfast,18
1418,cooking healthyfood,18
1419,nutrition delhi,18
1420,motivation healthyfood,18
1421,kids family,18
1422,2021 foodworldorder,18
1423,travel fitness,18
1424,plantbased healthyeating,18
1425,cooking cookingtips,18
1426,tips cooking,18
1427,delicious tasty,18
1428,may 2021,18
1429,delicious roasted,18
1430,year drink,18
1431,middleeast music,18
1432,veganism veganjunkfood,18
1433,veganjunkfood plants,18
1434,quote joy,18
1435,eatclean fatloss,18
1436,apps support,18
1437,theveganco veganco,18
1438,nature society,18
1439,chef cooks,18
1440,cooks deals,18
1441,everyone welcome,18
1442,welcome blog,18
1443,keeping updated,18
1444,daysout whatson,18
1445,whatson activities,18
1446,activities adventure,18
1447,adventure education,18
1448,t1d type2diabetes,18
1449,nfl giants,18
1450,november 2020,18
1451,experts say,17
1452,dont need,17
1453,chronic diseases,17
1454,cardiovascular disease,17
1455,diet protein,17
1456,taking care,17
1457,energy water,17
1458,tips tricks,17
1459,source protein,17
1460,sugar diet,17
1461,says study,17
1462,nutrition weight,17
1463,nutrition keto,17
1464,read nutrition,17
1465,drink water,17
1466,higher risk,17
1467,10 best,17
1468,diet mealprep,17
1469,medicine diet,17
1470,fresh fruits,17
1471,whole plantbased,17
1472,may cause,17
1473,meal blocks,17
1474,whats best,17
1475,visit website,17
1476,natural nature,17
1477,let thy,17
1478,brain function,17
1479,healthyeating exercise,17
1480,book shapes,17
1481,foodlover delicious,17
1482,follow link,17
1483,meat eggs,17
1484,last night,17
1485,nutrition obesity,17
1486,vegan fitfam,17
1487,rich source,17
1488,vegetarian body,17
1489,body delhi,17
1490,acid reflux,17
1491,nutrients healthyliving,17
1492,10 home,17
1493,industry high,17
1494,istanbul turkey,17
1495,aerobic fitness,17
1496,check us,17
1497,sugar salt,17
1498,picoftheday trending,17
1499,microbiome guthealth,17
1500,mondaythoughts mondaymotivation,17
1501,admabiscuits madeinrwanda,17
1502,lesssaltplease unpackthesalt,17
1503,chance win,17
1504,latest article,17
1505,medical diet,17
1506,stir fry,17
1507,mindfulness sustainability,17
1508,thursdayvibes thursdaymotivation,17
1509,principles good,17
1510,diet eatclean,17
1511,article lamuscle,17
1512,nutrition hunger,17
1513,cooking cookingathome,17
1514,whole grains,17
1515,rpureproducts rpuremasala,17
1516,happiness peace,17
1517,grass fed,17
1518,nutrition muscle,17
1519,t1d t2d,17
1520,healthyeating sustainability,17
1521,yummy healthyliving,17
1522,weightlossjourney weightlosstransformation,17
1523,weight year,17
1524,lean fatloss,17
1525,nutrition hearthealth,17
1526,diet bodybuilding,17
1527,source vitamins,17
1528,music blogger,17
1529,shop online,17
1530,vegan raw,17
1531,meded medtech,17
1532,100 pure,17
1533,healthyfood beirut,17
1534,yoga vegan,17
1535,wellbeing recipe,17
1536,fitness hydration,17
1537,peace kids,17
1538,products visit,17
1539,zerohunger nutrition,17
1540,anaphylaxis britishfoodallergyawareness,17
1541,britishfoodallergyawareness foodallergies,17
1542,safefood socialdistancing,17
1543,travel news,17
1544,qatar kuwait,17
1545,today stayathome,17
1546,ketolife ketosis,17
1547,ketosis ketoweightloss,17
1548,ketoweightloss diet,17
1549,weightlosstips healthyeating,17
1550,cooking training,17
1551,healthandwellness vegetarian,17
1552,7tastydairy dairy,17
1553,livehealthyae livehealthyfestival,17
1554,livehealthyfestival festival,17
1555,vaccine lockdown,17
1556,market revenue,17
1557,healthyeating drink,17
1558,meal mealprep,16
1559,realestate webdesign,16
1560,meat dairy,16
1561,recipes delicious,16
1562,body diet,16
1563,nutrition coaching,16
1564,healthylife healthyliving,16
1565,gut bacteria,16
1566,give us,16
1567,recalled due,16
1568,nutrition medicine,16
1569,fitness protein,16
1570,nutrients need,16
1571,leafy greens,16
1572,salad recipe,16
1573,diet care,16
1574,drink week,16
1575,herbs organic,16
1576,vegan beverages,16
1577,anxiety depression,16
1578,save money,16
1579,fitness goals,16
1580,check video,16
1581,human planetary,16
1582,home made,16
1583,real foodeat,16
1584,foodeat real,16
1585,weightlossdiet nutrition,16
1586,pays attention,16
1587,protein bar,16
1588,put body,16
1589,motivation motivationalquotes,16
1590,dietplan fitness,16
1591,healthyrecipes recipes,16
1592,seo digitalmarketingservices,16
1593,reduces risk,16
1594,diet medicine,16
1595,lunch lunchtime,16
1596,way start,16
1597,daily meals,16
1598,green beans,16
1599,brain diet,16
1600,nutrition mindset,16
1601,custom keto,16
1602,keto recipes,16
1603,supplements nutrition,16
1604,chicken beef,16
1605,beef pork,16
1606,industry news,16
1607,recipes nutrition,16
1608,brain improve,16
1609,probiotics prebiotics,16
1610,check blog,16
1611,mindset motivation,16
1612,holistic nutrition,16
1613,healthyfood salt,16
1614,diet tagfire,16
1615,yoga poses,16
1616,zerocarb ketocarnivore,16
1617,ketocarnivore meat,16
1618,cooking humor,16
1619,trending fridayfitness,16
1620,digitalmarketingservices onlinemarketingghana,16
1621,breakfast healthyfood,16
1622,climate crisis,16
1623,diabetes diabetic,16
1624,diet bank,16
1625,cooking delicious,16
1626,role keeping,16
1627,computers stress,16
1628,healthyfood exercise,16
1629,vitamindsaturdaymorning foodhealth,16
1630,reading fruit,16
1631,looks like,16
1632,cravings diet,16
1633,dryfruits foodproductsonline,16
1634,united kingdom,16
1635,thursdaymorning thursdayvibes,16
1636,foodworldorder environment,16
1637,beauty fashion,16
1638,inspiration mentalhealth,16
1639,healthyfood workout,16
1640,breakfast nutrition,16
1641,foodsafety nutrition,16
1642,nutrition environment,16
1643,nutrition instagood,16
1644,fitness breakfast,16
1645,training detox,16
1646,abislaziz nagpur,16
1647,organic nature,16
1648,herbal plantbased,16
1649,plants healing,16
1650,blogger nutrition,16
1651,middleeast blogger,16
1652,fitnessgoals fitnessmotivation,16
1653,vegan healthyliving,16
1654,delhi uk,16
1655,gym gymmotivation,16
1656,ngo foundation,16
1657,dieting healthyfood,16
1658,mealprep mealprepare,16
1659,step step,16
1660,design wellbeing,16
1661,rpuremasala healthyspices,16
1662,healthyspices tastyspices,16
1663,raw vegetarian,16
1664,foodsafety haccp,16
1665,growthhacking onlineadvertising,16
1666,kiru millets,16
1667,orgtree energy,16
1668,energy healthyfood,16
1669,personaltrainingguildford mscstudent,16
1670,foodsafety foodindustry,16
1671,california losangeles,16
1672,eatright stayfit,16
1673,blog nifamilybloglife,16
1674,nifamilybloglife keeping,16
1675,updated family,16
1676,family daysout,16
1677,education comps,16
1678,losangeles losangelesfood,16
1679,celebration immunity,16
1680,warmth covid19awareness,16
1681,loseweight cooking,16
1682,coach healer,16
1683,healer priest,16
1684,priest recordingartist,16
1685,recordingartist mentor,16
1686,mentor speaker,16
1687,speaker author,16
1688,author consultant,16
1689,consultant musician,16
1690,kindness awareness,16
1691,awareness spirituality,16
1692,spirituality reiki,16
1693,reiki healing,16
1694,antibacterial nanosilver,16
1695,chocolate complete,16
1696,macronutrients fats,16
1697,fats healthyplate,16
1698,alkaline drsebi,16
1699,bread sandwiches,16
1700,sandwiches pizza,16
1701,pizza follow,16
1702,follow 100,16
1703,100 paleo,16
1704,paleo ketogenic,16
1705,motivation friends,15
1706,science stem,15
1707,weightlossdiet diet,15
1708,green vegetables,15
1709,western diet,15
1710,motivation logo,15
1711,lowcarb diet,15
1712,white rice,15
1713,dietary fiber,15
1714,faith family,15
1715,mentalhealth nutrition,15
1716,exercise yoga,15
1717,vs white,15
1718,every bite,15
1719,every meal,15
1720,vitamin b12,15
1721,risk developing,15
1722,organic farming,15
1723,industry pays,15
1724,physical activity,15
1725,natural remedies,15
1726,pay attention,15
1727,quote quotes,15
1728,mentalhealth fitness,15
1729,chronic disease,15
1730,kids children,15
1731,going vegan,15
1732,mental physical,15
1733,national nutrition,15
1734,get mickeymizedasana,15
1735,cooking breakfast,15
1736,protein meat,15
1737,livehealthy stayfit,15
1738,diet rich,15
1739,thursdayvibes thursdaymorning,15
1740,nutrition children,15
1741,keto paleo,15
1742,per week,15
1743,howtoloseweight nutrition,15
1744,nutrition weightlossnutrition,15
1745,cant wait,15
1746,fun cool,15
1747,quality healthyfood,15
1748,yoga anxiety,15
1749,disease obesity,15
1750,naturally home,15
1751,funny jokes,15
1752,really work,15
1753,wednesdaythought wednesdaymotivation,15
1754,nature vegan,15
1755,mind diet,15
1756,weightlossjourney fitnessmotivation,15
1757,feed nutrition,15
1758,recipes chef,15
1759,fatloss nutrition,15
1760,domain name,15
1761,diet fitnessmotivation,15
1762,bank account,15
1763,account good,15
1764,inspireothers naturalremedy,15
1765,transformation healthyfood,15
1766,read labels,15
1767,shopping list,15
1768,chef cook,15
1769,farmers market,15
1770,homemade sundayvibes,15
1771,chicken meat,15
1772,kitchen chef,15
1773,coconut oil,15
1774,weight keep,15
1775,wholevegan vegan,15
1776,bloodpressure immunity,15
1777,fitness sports,15
1778,important meal,15
1779,gym fitnessmotivation,15
1780,important role,15
1781,yum yummy,15
1782,reduce stress,15
1783,mondaythoughts mondayvibes,15
1784,stay safe,15
1785,water sanitation,15
1786,sustainability sustainable,15
1787,weightloss wellbeing,15
1788,plantbased plantbasedfood,15
1789,exercise healthyfood,15
1790,tastyspices taste,15
1791,chinesefood orderonline,15
1792,orderonline mumbaifood,15
1793,mumbaifood mumbaifoodie,15
1794,mumbaifoodie chinesecuisine,15
1795,skin care,15
1796,natural herbalmedicine,15
1797,herbalmedicine herbal,15
1798,detox healthyfood,15
1799,healthyfood fatloss,15
1800,books travel,15
1801,protein exercise,15
1802,premium quality,15
1803,fitness sustainability,15
1804,lamuscle nutrition,15
1805,howtoloseweight fitness,15
1806,nutrition immunesystem,15
1807,seo onlinemarketingtopeurope,15
1808,mealprepare mealstorage,15
1809,breakfast diet,15
1810,keto lowcarb,15
1811,online organicfood,15
1812,training motivation,15
1813,fatloss healthyeating,15
1814,seo onlinemarketingghana,15
1815,kitchen shopping,15
1816,ingredients market,15
1817,fitness thefitnessfounder,15
1818,hearthealth fitness,15
1819,foodallergy foodallergyawareness,15
1820,foodsafety allergens,15
1821,allergens safefood,15
1822,icymi read,15
1823,read earsfrom,15
1824,earsfrom week,15
1825,poultryfood farm,15
1826,diet superspeciality,15
1827,gratitude visualization,15
1828,shopping music,15
1829,millets sustainable,15
1830,sustainable orgtree,15
1831,reading browse,15
1832,goodfood foodforskin,15
1833,nutritionwithkatie personaltrainingguildford,15
1834,fruitsandveggies morebewellbaytown,15
1835,kitchen amazonprime,15
1836,amazonprime foodies,15
1837,climateemergency climatechange,15
1838,vegetarian healthandwellness,15
1839,ready weekend,15
1840,externalafairs bloodbank,15
1841,doctor shareandcare,15
1842,covid19awareness doctor,15
1843,explore tourism,15
1844,tourism picoftheday,15
1845,picoftheday festival,15
1846,repost museum,15
1847,museum travelgram,15
1848,travelgram adventure,15
1849,adventure passat,15
1850,teacher coach,15
1851,losangelesfood la,15
1852,la veganfood,15
1853,review decor,15
1854,give favourite,15
1855,favourite bread,15
1856,28 meal,15
1857,plan 10,15
1858,10 expert,15
1859,expert guides,15
1860,guides educate,15
1861,educate inspire,15
1862,inspire youhealth,15
1863,youhealth keto,15
1864,2026visit foodandbeverage,15
1865,water healthyfood,14
1866,diet recipe,14
1867,yoga daily,14
1868,easy way,14
1869,vega industry,14
1870,plants plantx,14
1871,brain nutrition,14
1872,inspiration motivation,14
1873,taste like,14
1874,gym protein,14
1875,weightlosstips fitness,14
1876,amino acid,14
1877,full video,14
1878,dash diet,14
1879,carbs protein,14
1880,added sugar,14
1881,nutrition mealprep,14
1882,allergies foodallergy,14
1883,plantbased healthyfood,14
1884,right way,14
1885,nutrition veggies,14
1886,want live,14
1887,peaceful preengineeredsteelbuildingsolutionssteel,14
1888,preengineeredsteelbuildingsolutionssteel safbuild,14
1889,next week,14
1890,us nutrition,14
1891,human animal,14
1892,simple steps,14
1893,wishing happy,14
1894,keto recipe,14
1895,yoga wellbeing,14
1896,recipes tips,14
1897,high cholesterol,14
1898,makes feel,14
1899,fruit healthyfood,14
1900,wellbeing diet,14
1901,ever wondered,14
1902,wellbeing fitness,14
1903,meat poultry,14
1904,fiber diet,14
1905,ketorecipes ketolife,14
1906,machinery taiba,14
1907,taiba filling,14
1908,fillingmachine manifacturing,14
1909,nuts detergent,14
1910,obesity workout,14
1911,recipes cookwithchildren,14
1912,details check,14
1913,control disease,14
1914,alam197 ofahd,14
1915,stay fit,14
1916,healthyfood healthyrecipes,14
1917,care selfcare,14
1918,organic glutenfree,14
1919,apply today,14
1920,jasmine rice,14
1921,get nutrients,14
1922,best cities,14
1923,berlin london,14
1924,london paris,14
1925,paris rome,14
1926,homemade homecooking,14
1927,sports fitness,14
1928,diet plantbased,14
1929,angelinaxseptember wholevegan,14
1930,today keto,14
1931,loss tips,14
1932,foodproductsonline cuisines,14
1933,fitnessmotivation fit,14
1934,egg whites,14
1935,muscle nutrition,14
1936,healthyeating healthychoices,14
1937,latest blog,14
1938,recipes try,14
1939,business economy,14
1940,diet fit,14
1941,look forward,14
1942,skin skincare,14
1943,rpurespices rpureproducts,14
1944,air fried,14
1945,easy delicious,14
1946,exercise gym,14
1947,chinesecuisine chinesefoodlover,14
1948,chinesefoodlover mumbai,14
1949,mumbai yum,14
1950,diet training,14
1951,exercise lifebalance,14
1952,home homeware,14
1953,wellbeing fashion,14
1954,plantbased indianfood,14
1955,everyday nutrition,14
1956,donate helpingeachother,14
1957,helpinghands education,14
1958,healthyfood immunity,14
1959,desserts recipes,14
1960,donate support,14
1961,parenting parents,14
1962,blackbeans beans,14
1963,drivethru distribution,14
1964,october 2020,14
1965,beirut lebanon,14
1966,socialdistancing foodquality,14
1967,foodquality training,14
1968,chef dinner,14
1969,superspeciality surgery,14
1970,healthspecialist healthyliving,14
1971,cure treatment,14
1972,support usunnatifoundation,14
1973,copd asthma,14
1974,asthma arthritis,14
1975,april 2021see,14
1976,foodforhealth foodfacts,14
1977,society friends,14
1978,without giving,14
1979,eu africa,14
1980,vegansofig veganiseasy,14
1981,orders 91,14
1982,favorite recipes,14
1983,hearthealth cholesterol,14
1984,immunity thursdaythoughts,14
1985,end week,14
1986,week meme,14
1987,meme wrap,14
1988,wrap friday,14
1989,funnies get,14
1990,weekend enjoyimage,14
1991,cupofuji cup,14
1992,cup porridge,14
1993,festival arte,14
1994,arte photo,14
1995,photo repost,14
1996,globalwarming tips,14
1997,nanosilver particles,14
1998,drsebi weightlossjourney,14
1999,billion 2025visit,14
