,Tri-gram,Freq
0,lean exercise muscle,290
1,fitness stress anxiety,263
2,motivation workout gym,260
3,diet fitness stress,257
4,stress anxiety happiness,257
5,yoga diet fitness,256
6,workout lean exercise,252
7,anxiety happiness nutrition,251
8,funny hot cool,247
9,happiness nutrition funny,244
10,nutrition funny hot,244
11,hot cool smile,241
12,workout gym fit,224
13,fun hot funny,220
14,stress anxiety happy,183
15,healthyfood weightloss diet,180
16,diet motivation workout,179
17,fitness healthyfood weightloss,174
18,weightloss diet motivation,165
19,exercise muscle fit,162
20,anxiety happy smile,158
21,style fun hot,158
22,yoga selfies dental,153
23,asthma stress anxiety,153
24,selfies dental breadth,152
25,breadth asthma stress,152
26,dental breadth asthma,151
27,muscle fit diet,147
28,nutrition fitness healthyfood,144
29,tagfire yoga diet,143
30,nutrition fitness workout,143
31,weightloss nutrition fitness,139
32,fitness workout lean,138
33,fatloss weightloss nutrition,136
34,gym fit fitnessmotivation,135
35,burnfat fatloss weightloss,135
36,fitness training workout,126
37,milk verifresh ujjwalghee,123
38,training workout lean,119
39,indiauk usa japan,118
40,dairy milk verifresh,117
41,tagfire yoga selfies,117
42,keto diet weightloss,112
43,build bebetter bettertogether,110
44,goodreads books motivate,110
45,books motivate inspire,110
46,motivate inspire hope,110
47,inspire hope healthyeats,110
48,hope healthyeats blessed,110
49,healthyeats blessed inspirational,110
50,blessed inspirational motivational,110
51,inspirational motivational wisdom,110
52,motivational wisdom spiritualhealth,110
53,wisdom spiritualhealth fitness,110
54,gratitude nasa space,109
55,nasa space faith,109
56,bebetter bettertogether goodreads,108
57,bettertogether goodreads books,108
58,letfoodbeyourmedicine nutrition diet,107
59,peace gratitude nasa,106
60,exercise muscle strong,106
61,space faith travel,105
62,bbu build bebetter,105
63,fit fitnessmotivation healthyliving,102
64,smile followme style,98
65,organic vegan vegetarian,97
66,muscle strong fit,97
67,diet weightloss weightlossjourney,96
68,spiritualhealth fitness bjthompson,95
69,happy smile followme,95
70,followme style fun,95
71,business websites light,90
72,websites light family,90
73,fitness weightloss gym,88
74,webdesign business websites,86
75,weightloss gym healthyfood,85
76,usa japan cooking,84
77,fitness healthyfood diet,83
78,fitnessmotivation healthyliving bodybuilding,82
79,burnfat fitness training,80
80,motivation workout nutrition,80
81,healthyfood motivation workout,79
82,gym healthyfood motivation,78
83,nutritionist diabeteseducator childnutritionist,78
84,weightloss weightgain exercise,78
85,nutrition fitness training,78
86,intuitiveeating cbt sanjose,77
87,cbt sanjose mentalhealth,77
88,sanjose mentalhealth diet,77
89,weightgain exercise fitness,77
90,instafood organic organicfoods,77
91,black hispanic mexican,77
92,hispanic mexican nativeamerican,77
93,mexican nativeamerican nativeindian,77
94,diabeteseducator childnutritionist diabetes,76
95,dietplan weightloss weightgain,76
96,exercise workout diet,76
97,africanamerican black hispanic,76
98,diabetes diet dietplan,75
99,healthyliving bodybuilding healthyeating,74
100,nutrition burnfat fitness,74
101,business marketing seo,74
102,logo friends meditation,73
103,lamuscle burnfat fatloss,73
104,review luxury recipe,72
105,construction business marketing,71
106,learn iuic bayarea,71
107,iuic bayarea oakland,71
108,bayarea oakland africanamerican,71
109,oakland africanamerican black,71
110,diet fitness nutrition,70
111,restaurants review luxury,70
112,inspiration mind body,70
113,childnutritionist diabetes diet,69
114,healthyfood diet weightloss,69
115,fitness bjthompson standinthegap,69
116,luxury recipe recipeoftheday,69
117,fitness healthyfood fit,68
118,nutrition plantbased vegan,68
119,marketing seo recipes,68
120,seo recipes inspiration,68
121,tagfire beauty yoga,67
122,diet dietplan weightloss,67
123,organic organicfoods organicfooddelivery,67
124,healthyeating fitfam vegan,66
125,cool fun hot,65
126,foodblogger fit mumbai,65
127,nativeamerican nativeindian herbs,65
128,hot funny beauty,64
129,healthyfood fit motivation,64
130,diet weightloss motivation,64
131,weightloss motivation workout,64
132,lovelife zen peaceful,64
133,zen peaceful hollywood,64
134,peaceful hollywood olgaroderick,64
135,hollywood olgaroderick onewithspirit,64
136,olgaroderick onewithspirit ohio,64
137,onewithspirit ohio behealthy,64
138,ohio behealthy cannabis,64
139,workout diet fitness,64
140,foodandbeverage foodandnutrition foodindustry,64
141,happy smile style,63
142,smile style fun,63
143,behealthy cannabis medicalmarijuana,63
144,cannabis medicalmarijuana marijuana,63
145,medicalmarijuana marijuana justsaying,63
146,fitness nutrition natural,63
147,recipes inspiration mind,63
148,foodandnutrition foodindustry beverage,63
149,foodindustry beverage marketresearch,63
150,beverage marketresearch market,63
151,30novembre 30november tuesdayvibe,62
152,30november tuesdayvibe tuesdaymotivations,62
153,tuesdayvibe tuesdaymotivations tuesdaymotivaton,62
154,fitness workout diet,62
155,nutrition natural stressrelief,62
156,natural stressrelief mentalhealth,62
157,stressrelief mentalhealth yoga,62
158,heart family friend,62
159,fyi inspiration gt,61
160,healthyfood fitness diet,60
161,finedining restaurants review,60
162,organicfoods organicfooddelivery organicfoodproducts,59
163,bossi vision media,59
164,comedy standup funny,59
165,standup funny sports,59
166,funny sports baseball,59
167,natural skincare healthyfood,58
168,healthyfood nature beauty,57
169,healthyliving fitness nutrition,57
170,healthyfood weightloss healthyliving,57
171,vegan cooking bonappetit,57
172,exercise blog meal,57
173,improv subscribe follow,57
174,fit motivation workout,56
175,bodybuilding healthyeating fitfam,56
176,strong fit diet,56
177,diet fitness weightloss,56
178,fit bodybuilding weightlossjourney,56
179,healthtips dubai uae,56
180,sports baseball earth,56
181,baseball earth improv,56
182,skincare healthyfood nature,55
183,trending delhi plantbased,55
184,vegan veganism veganfood,55
185,weightloss healthyliving fitness,55
186,body exercise blog,55
187,earth improv subscribe,55
188,tagfire diet diabetes,54
189,delhi plantbased indiauk,54
190,plantbased indiauk usa,54
191,fitness training lean,54
192,vegan vegetarian trending,54
193,vegetarian trending delhi,54
194,nutrition dietsehat fit,53
195,glutenfree fitness weightloss,53
196,organicfooddelivery organicfoodproducts organicshop,52
197,dubai uae saudiarabia,52
198,foodsystems vegan cooking,52
199,vision media drink,52
200,weightloss weightlossjourney healthyeating,52
201,book author children,51
202,author children nutrition,51
203,children nutrition childnutrition,51
204,homervillehound lovelife zen,51
205,workout nutrition dietsehat,51
206,veganco vegan veganism,51
207,workout diet yoga,51
208,weightlossjourney healthyeating fitness,51
209,leanmuscle nutrition fitness,50
210,mind body exercise,50
211,media drink dinner,50
212,high blood pressure,49
213,nutrition childnutrition mood,49
214,veganism veganfood vegansofmumbai,49
215,veganfood vegansofmumbai vegansofindia,49
216,vegansofbengaluru selfcare fitness,49
217,diet yoga exercise,49
218,cakes finedining restaurants,49
219,awardwinning book author,48
220,fitness tagfire diet,48
221,diet diabetes yoga,48
222,diabetes yoga stress,48
223,yoga stress walking,48
224,stress walking flu,48
225,walking flu anxiety,48
226,flu anxiety pain,48
227,wethenorth fyi inspiration,48
228,healthyrecipes nutrition blogger,48
229,nutrition healthyfood fitness,48
230,sixpack nutrition burnfat,48
231,training lean exercise,48
232,fitness motivation nutrition,48
233,dietsehat fit bodybuilding,48
234,vegansofmumbai vegansofindia vegansofdelhi,48
235,subscribe follow espn,48
236,vegan naturesbeauty fantastic,48
237,anxiety pain medical,47
238,pain medical wellbeing,47
239,fitfam vegan protein,47
240,vegansofindia vegansofdelhi vegansofbangalore,47
241,vegansofbangalore vegansofbengaluru selfcare,47
242,travel art coffee,46
243,bodybuilding weightlossjourney eatclean,46
244,bjthompson standinthegap community,46
245,vegan healthyeating yummy,46
246,vegansofdelhi vegansofbangalore vegansofbengaluru,46
247,cooking bonappetit cakes,46
248,recipe recipeoftheday construction,46
249,recipeoftheday construction business,46
250,thefitnessfounder fitness workout,46
251,milk dairy verifresh,46
252,dairy verifresh ujjwal,46
253,verifresh ujjwal ghee,46
254,ujjwal ghee holi,46
255,ghee holi festival,46
256,faith travel art,45
257,light family cars,45
258,inspiration gt peace,45
259,gt peace gratitude,45
260,vegan protein training,45
261,yoga exercise weightloss,45
262,uae saudiarabia oman,45
263,tastydairy dairy milk,44
264,nature beauty plantbased,44
265,selfcare fitness govegan,44
266,plantbased vegan glutenfree,44
267,follow espn youtube,44
268,fitness nutrition weightlossjourney,44
269,friends meditation webdesign,43
270,meditation webdesign business,43
271,vegan natural skincare,43
272,testosterone leanmuscle nutrition,43
273,healthyeating yummy foodblogger,43
274,mumbai asia middleeast,43
275,verifresh ujjwalghee buttermilk,43
276,holi festival immunity,43
277,nutrition weightlossjourney cleaneating,43
278,marketresearch market healthyeating,43
279,beauty plantbased bio,42
280,nutrition healthyfood vegan,42
281,fitness vegan healthyeating,42
282,activist activism sustainable,42
283,activism sustainable sustainability,42
284,standinthegap community serve,42
285,nutrition healthyeating healthyliving,42
286,family home recipes,42
287,market healthyeating agriculture,42
288,faith travel coffee,41
289,fitness gym nutrition,41
290,nutrition weightloss healthyfood,41
291,workout gym weightloss,41
292,see blog prediabetes,41
293,tastydairy milk dairy,41
294,weightlossjourney cleaneating vegan,41
295,verifresh ujjwalghee immunity,40
296,healthyfood vegan veganfood,40
297,bodybuilding workout fit,40
298,blog prediabetes back,40
299,prediabetes back diabetes,40
300,interiors style design,40
301,bonappetit cakes finedining,40
302,madeinrwanda eastafrica nutrition,39
303,getgreengetgrowing gngagritech greenstories,39
304,plantbased bio handmade,39
305,healthyfood fitness healthyliving,39
306,art interiors style,39
307,cooking foodblogger fit,39
308,yummy foodblogger foodstagram,39
309,diet weightloss ketogenic,39
310,nutrition bingeeating bayarea,39
311,bingeeating bayarea intuitiveeating,39
312,bayarea intuitiveeating cbt,39
313,instafood fitness vegan,39
314,espn youtube yesnetwork,39
315,marijuana justsaying vegetarian,39
316,naturesbeauty fantastic heart,39
317,fantastic heart family,39
318,itsyummyfithealthyeating healthyfood weightloss,39
319,nutrition bingeeating intuitiveeating,38
320,bingeeating intuitiveeating cbt,38
321,gym nutrition healthyfood,38
322,fitness exercise workout,38
323,protein training exercise,38
324,workout fit diet,38
325,healthyfood bodybuilding workout,38
326,holikerangtastydairykesang tastydairy milk,38
327,justsaying vegetarian vegan,38
328,vegetarian vegan naturesbeauty,38
329,light family art,37
330,family art mentalhealth,37
331,youtube yesnetwork yankees,37
332,vegan glutenfree fitness,37
333,diet nutrition foodscience,37
334,family cars money,36
335,cars money mentalhealth,36
336,meat diet nutrition,36
337,chickenlovers homedelivery convenience,36
338,fitness fit fitnessmotivation,36
339,gym nutrition fitness,36
340,foodstagram healthyliving foodlover,36
341,sustainable sustainability farms,36
342,nutrition fitness fitnessmotivation,36
343,ujjwalghee buttermilk unite2fightcorona,36
344,buttermilk unite2fightcorona immunity,36
345,foodpackaging globalnews meat,36
346,art coffee motivation,35
347,foodblogger fitness mumbai,35
348,weightlossjourney eatclean fitnessmotivation,35
349,sustainability farms farming,35
350,fitness fitnessmotivation weightloss,35
351,unite2fightcorona immunity fridaymotivation,35
352,healthyfood diet gym,35
353,eastafrica nutrition healthyfood,34
354,nutrition healthyfood bodybuilding,34
355,herbal nutrition healthyfood,34
356,foodblogger foodstagram healthyliving,34
357,diet weightloss fitness,34
358,milktastydairy dairy milk,34
359,recipes ingredients london,34
360,ingredients london shoplocal,34
361,london shoplocal verticalfarming,34
362,shoplocal verticalfarming sustainability,34
363,diet gym muscle,34
364,fit fitnessmotivation gym,34
365,fitnessmotivation gym ketodiet,34
366,fitlistopad fitnessgirl fightback,34
367,fitnessgirl fightback fitnessmodel,34
368,healthyfood healthyliving weightloss,33
369,diet torontofoodfood vancouverfoodiehealthy,33
370,beans cook recipe,33
371,cook recipe rice,33
372,recipe rice blackbeansandrice,33
373,rice blackbeansandrice veganfood,33
374,blackbeansandrice veganfood blackbean,33
375,veganfood blackbean cuban,33
376,blackbean cuban nutrition,33
377,cuban nutrition healthyfood,33
378,nutrition healthyeating healthyfood,33
379,fit mumbai asia,33
380,home recipes quote,33
381,tips diet healthyliving,33
382,gym ketodiet keto,33
383,ketodiet keto healthyfood,33
384,keto healthyfood dieta,33
385,healthyfood dieta usa,33
386,usa cappuccino fitlistopad,33
387,cappuccino fitlistopad fitnessgirl,33
388,jesus soul happy,33
389,water webdesign business,32
390,healthyeating healthyfood plantbased,32
391,blog blogger healthyeating,32
392,blogger healthyeating foodies,32
393,carbs carbohydrates carbcounting,32
394,healthyfood healthylife veggies,32
395,healthylife veggies breakfast,32
396,veggies breakfast healthydiet,32
397,browse topics frizemedia,32
398,topics frizemedia arts,32
399,frizemedia arts business,32
400,arts business fashion,32
401,body good explore,32
402,back diabetes prediabetes,32
403,diabetes prediabetes diet,32
404,prediabetes diet healthyliving,32
405,delhi indiauk usa,32
406,healthyrecipes nutrition plantbased,32
407,foodindustry foodhygiene iso,32
408,gym muscle bodybuilding,32
409,workout exercise nutritioncoach,32
410,fitfam fitness gym,32
411,dieta usa cappuccino,32
412,fightback fitnessmodel bodybuilding,32
413,products berrygood fitness,32
414,berrygood fitness fit,32
415,soul happy peace,32
416,happy peace discover,32
417,peace discover healing,32
418,discover healing body,32
419,healing body good,32
420,gym weightloss instagood,31
421,carbnutrition nutritionist diabeteseducator,31
422,healthtech healthyfood healthylife,31
423,fitness weightloss healthyfood,31
424,eatclean fitnessmotivation exercise,31
425,farms farming healthyeating,31
426,eatclean gym nutrition,31
427,fitnessmotivation weightloss workout,31
428,ketogenic ketolife ketorecipes,31
429,fitness gym cooking,31
430,drink dinner music,31
431,dinner music comedy,31
432,music comedy standup,31
433,ujjwalghee immunity puzzle,31
434,healthyliving healthyfood diet,31
435,good explore wisdom,31
436,explore wisdom family,31
437,wisdom family friends,31
438,carnivore ketodiet keto,30
439,immunity instafood organic,30
440,breakfast healthydiet foodies,30
441,weightloss fitness weightlossjourney,30
442,fitness diet fitnessgoals,30
443,wellnesstips tipsandtricks tip,30
444,weightloss workout fit,30
445,weightloss ketogenic ketolife,30
446,ketolife ketorecipes ketogenicdiet,30
447,ketorecipes ketogenicdiet ketosis,30
448,ketoxicompilation2021 ketoplan weightlossjourney,30
449,yesnetwork yankees mlb,30
450,immunity puzzle wednesdaythoughts,30
451,family friend spiritual,30
452,muscle bodybuilding weightloss,30
453,healthyeating healthyliving instafood,30
454,healthyliving instafood fresh,30
455,instafood fresh instagood,30
456,fresh instagood healthyfood,30
457,choice tonight jesus,30
458,tonight jesus soul,30
459,family friends beautiful,30
460,friends meditation water,29
461,meditation water webdesign,29
462,nutrition diet motivation,29
463,funny beauty tagfire,29
464,bio handmade cannabis,29
465,nutrition protein chickenlovers,29
466,protein chickenlovers homedelivery,29
467,diet fitnessgoals contestalert,29
468,fitnessgoals contestalert healthyeating,29
469,contestalert healthyeating herbs,29
470,herbs quiz healthychoices,29
471,healthyeating healthyfood healthyliving,29
472,motivation weightloss workout,29
473,workout fit healthyeating,29
474,fruit freshjuice smoothie,29
475,weightloss workout exercise,29
476,fitness govegan vegansofig,29
477,ketogenicdiet ketosis ketobread,29
478,ketosis ketobread ketoxicompilation2021,29
479,ketobread ketoxicompilation2021 ketoplan,29
480,rainbow instafood fitness,29
481,drink cooking recipes,29
482,cooking recipes rasoi,29
483,recipes rasoi khana,29
484,rasoi khana fitness,29
485,khana fitness travel,29
486,fitness travel chef,29
487,travel chef meal,29
488,weightloss trending fitness,29
489,bodybuilding weightloss trending,29
490,friends beautiful feedyoursoul,29
491,beautiful feedyoursoul beauty,29
492,diet dietplan nutrition,28
493,tagfire yoga diabetes,28
494,trending follobackforfolloback salad,28
495,healthyeating herbs quiz,28
496,quiz healthychoices wellnesstips,28
497,healthyliving weightloss fitness,28
498,fitness weightlossjourney nutrition,28
499,us daily nutrition,28
500,freshjuice smoothie juicing,28
501,fit diet supplements,28
502,weightloss instagood vegan,28
503,foodscience foodtechnology safety,28
504,safety foodtech safefood,28
505,ketoplan weightlossjourney weightlosstips,28
506,fitfam eatclean gym,28
507,fitnessmotivation fitgirls motivation,28
508,fitgirls motivation keto,28
509,motivation keto ketogenic,28
510,healthyfood comedy standup,28
511,healthyfood healthyliving healthyeating,27
512,diet nutrition fitness,27
513,style cool fun,27
514,8exercise eyes get,27
515,eyes get rid,27
516,healthydiet foodies trending,27
517,healthychoices wellnesstips tipsandtricks,27
518,tipsandtricks tip dietplan,27
519,dietplan dietfood goodfood4all,27
520,fitness healthyliving fitnessmotivation,27
521,vegan healthyfood detox,27
522,healthyfood detox fruit,27
523,detox fruit freshjuice,27
524,follobackforfolloback salad fruitsbasket,27
525,indiauk usa japanesefood,27
526,japan cooking foodblogger,27
527,novadairy novadairyproducts ghee,27
528,novadairyproducts ghee dairy,27
529,motivation workout fitnessmotivation,27
530,family education children,27
531,diet healthyliving goodfood,27
532,milk2 ujjwal ghee3,27
533,nutrition healthyfood dietitiansofinstagram,27
534,homecooking homeworkout transformation,27
535,puzzle wednesdaythoughts wednesdaywisdom,27
536,trending fitness fitnessmotivation,27
537,fitness fitnessmotivation fitgirls,27
538,keto ketogenic ketodiet,27
539,medicine nutrition diet,26
540,blood sugar levels,26
541,glutenfree cbd crueltyfree,26
542,15 gms carbnutrition,26
543,gms carbnutrition nutritionist,26
544,organicfoodproducts organicshop organicmixdal,26
545,get rid glasses,26
546,motivation workout fit,26
547,tip dietplan dietfood,26
548,fitnessmotivation motivation weightloss,26
549,daily nutrition tips,26
550,nutrition tips fitness,26
551,tips fitness motivation,26
552,motivation nutrition fitness,26
553,body spirit mindbodyspirit,26
554,spirit mindbodyspirit physique,26
555,mindbodyspirit physique exercise,26
556,salata salad organic,26
557,healthtipstamil healthtips daily,26
558,foodhygiene iso foodscience,26
559,foodtechnology safety foodtech,26
560,drink dinner healthyfood,26
561,dinner healthyfood comedy,26
562,healthyplate diet nutrition,26
563,nutrition foodscience calories,26
564,weightloss healthyfood bodybuilding,26
565,healthyeating agriculture foodpackaging,26
566,agriculture foodpackaging globalnews,26
567,stayfit diet nutrition,25
568,fitness motivation workout,25
569,healthyfood plantbased vegetarian,25
570,handmade cannabis glutenfree,25
571,cannabis glutenfree cbd,25
572,torontofoodfood vancouverfoodiehealthy soup,25
573,yoga diabetes weightloss,25
574,foodies trending follobackforfolloback,25
575,21nov 21november 21novembre,25
576,smoothie juicing fresh,25
577,menshealth hormones testosterone,25
578,hormones testosterone leanmuscle,25
579,diet supplements weightloss,25
580,fitfam beauty healthyliving,25
581,organic fit vegetarian,25
582,organicskincare organicfood sustainable,25
583,mindset body spirit,25
584,farming healthyeating healthyfood,25
585,butter milktastydairy dairy,25
586,nepal holikerangtastydairykesang tastydairy,25
587,foodscience calories energy,25
588,calories energy body,25
589,healthyeating fitness howtoloseweight,25
590,2024visit foodandbeverage foodandnutrition,25
591,risk heart disease,24
592,plantbased vegetarian eco,24
593,lesfrrebelles recetas recipes,24
594,25nov thursdayvibes 25novembre2021,24
595,21november 21novembre sundayvibes,24
596,healthyliving fitnessmotivation motivation,24
597,apple cider vinegar,24
598,testo fertility menshealth,24
599,healthyeating healthyliving nutrition,24
600,style design japan,24
601,travel world contemporary,24
602,zerohunger education nutrition,24
603,workout nutrition fit,24
604,diet healthyliving exercise,24
605,saffron healthtips dubai,24
606,cooking homecooking homeworkout,24
607,festival classes seminars,24
608,vegan plantbased alkaline,24
609,toronto logo friends,23
610,nutrition diet fitness,23
611,recipes receta en,23
612,carnivorediet carnivore ketodiet,23
613,drvijaykumarmane modernhomeopathy homeopathy,23
614,modernhomeopathy homeopathy fitness,23
615,fashion motivation trending,23
616,motivation trending music,23
617,ketodiet keto zerocarb,23
618,tips healthtips howto,23
619,november family friends,23
620,weightloss weightlossjourney fitness,23
621,healthyfood instafood fitness,23
622,fit vegetarian vegan,23
623,uk usa japan,23
624,organic vegan natural,23
625,crueltyfree organicskincare organicfood,23
626,middleeast healthyrecipes nutrition,23
627,chemicalfree fitness nutrition,23
628,haccp foodindustry foodhygiene,23
629,healthyfood yummy beirut,23
630,fitness weightloss healthyliving,23
631,exercise nutritioncoach gymlife,23
632,ujjwal ghee3 icecream4,23
633,ghee3 icecream4 butter,23
634,wellnesscoach glutenfree fitness,23
635,classes seminars discounts,23
636,coatedsilver silver human,23
637,silver human immunity,23
638,healthyliving diet carbs,23
639,weightloss products berrygood,23
640,healthyfood bodybuilding fitfam,23
641,globalnews meat drink,23
642,2025visit foodandbeverage foodandnutrition,23
643,agriculture foodinsecurity foodpackaging,23
644,participants needed online,22
645,needed online surveytopic,22
646,boost immune system,22
647,omega3 fatty acids,22
648,exercise keto weight,22
649,childnutrition mood healthyrecipes,22
650,vegetarian eco organic,22
651,onlineadvertising digitalmarketing digitalmarketingservices,22
652,japan cooking organicfood,22
653,cooking organicfood gym,22
654,organicfood gym foodblogger,22
655,gym foodblogger fitness,22
656,mumbai healthyrecipes nutrition,22
657,powder milk flour,22
658,tips lose weight,22
659,recetas recipes receta,22
660,immunity immunesystem nutrition,22
661,nova novadairy novadairyproducts,22
662,motivation sustainability mumbai,22
663,29novembre 29november november,22
664,29november november family,22
665,protein fitness gym,22
666,diet workout gym,22
667,prediabetes diabetes t1d,22
668,visit nova novadairy,22
669,yummy family home,22
670,fitness eatclean eatyourgreens,22
671,eatclean eatyourgreens lunch,22
672,eatyourgreens lunch lebanon,22
673,fitnessmotivation healthyeating fitfam,22
674,iso foodscience foodtechnology,22
675,yogasleepnode joy gratitude,22
676,education children motivation,22
677,verifresh ujjwalghee ghee,22
678,ujjwalghee ghee buttermilk,22
679,ghee buttermilk holi,22
680,buttermilk holi contest,22
681,holi contest festival,22
682,contest festival celebration,22
683,festival immunity join,22
684,recipe recipeoftheday recipes,22
685,naturesbeauty fantastic magic,22
686,fantastic magic heart,22
687,magic heart family,22
688,cooking startup earth,22
689,startup earth invest,22
690,earth invest banking,22
691,invest banking review,22
692,recipe stocks bonds,22
693,seminars discounts fitness,22
694,human immunity drink,22
695,energy body education,22
696,weightloss vegan plantbased,22
697,instagood healthyfood covidfree,22
698,healthyfood covidfree covid19india,22
699,bodybuilding fitfam beauty,22
700,wethenorth peace gratitude,21
701,light family mentalhealth,21
702,lose weight fast,21
703,weightloss fitness exercise,21
704,nutrition blogger diet,21
705,blogger diet torontofoodfood,21
706,packaginmachinery machine machinery,21
707,homeopathy fitness tv,21
708,news fun sports,21
709,exercise fitness carbs,21
710,25novembre 25nov thursdayvibes,21
711,juicewrld vegan healthyfood,21
712,fitnessmotivation exercise training,21
713,gift buy culture,21
714,usa japanesefood cooking,21
715,cbd crueltyfree organicskincare,21
716,fitness nutrition goodlife,21
717,ghee dairy milk,21
718,healthyliving foodlover homemade,21
719,beniceke zerohunger education,21
720,workout fitnessmotivation healthyeating,21
721,happy yogasleepnode joy,21
722,healthyfood dietitiansofinstagram healthyeating,21
723,icecream4 butter milktastydairy,21
724,blog meal makeup,21
725,yankees mlb nfl,21
726,immunity drink safe,21
727,motivation nutrition weightloss,21
728,marketresearch market meat,21
729,market meat healthyeating,21
730,loseweight howtoloseweight weightlossdiet,20
731,fitness tv tvshow,20
732,immunesystem nutrition protein,20
733,fitness carbs carbohydrates,20
734,rid glasses tagfire,20
735,weightloss healthyeating healthyliving,20
736,27nov 27novembre november,20
737,27novembre november friends,20
738,november friends family,20
739,fruit value diet,20
740,value diet frizemedia,20
741,follow us daily,20
742,juicing fresh juicecleanse,20
743,breakfast lunch dinner,20
744,healthyliving cvs exercise,20
745,cvs exercise mayoclinic,20
746,design japan wellbeing,20
747,plantbased vegan vegetarian,20
748,vegan vegetarian blogger,20
749,plan prepare healthyliving,20
750,prepare healthyliving livingwell,20
751,decor zen shop,20
752,mumbai asianfood middleeast,20
753,asianfood middleeast healthyrecipes,20
754,dairy milk staysafe,20
755,organicfood nirvanaorganic chemicalfree,20
756,nirvanaorganic chemicalfree fitness,20
757,salad organic healthyfood,20
758,healthyliving healthyfood fitness,20
759,healthyeating fitfam nutritionist,20
760,weightloss healthyfood vegetarian,20
761,drink safe justonedrop,20
762,healthyeating agriculture foodinsecurity,20
763,friends meditation realestate,19
764,fitness gym workout,19
765,vancouverfoodiehealthy soup healthyliving,19
766,milk flour quadro,19
767,flour quadro nuts,19
768,fun sports entertainment,19
769,trending music travel,19
770,healthyeating nutrition trending,19
771,beauty yoga selfies,19
772,yoga selfies diabetes,19
773,fun wow crazy,19
774,friends family recipeoftheday,19
775,foodmanufacture foodindustry processedfood,19
776,viataperfecta perfectlife inspireothers,19
777,training exercise nutritionist,19
778,diet abs sixpack,19
779,abs sixpack nutrition,19
780,healthyeating nutrition healthyfood,19
781,healthyfood fitness healthyeating,19
782,fitness fitnessmotivation healthyfood,19
783,wellbeing travel world,19
784,vegetarian vegan middleeast,19
785,usa japan foodblogger,19
786,tupperware storage mealprep,19
787,mealstorage plan prepare,19
788,nonviolence change jayz,19
789,fitness exercise tips,19
790,exercise tips nutrition,19
791,tips nutrition beauty,19
792,nutrition beauty skin,19
793,beauty skin cook,19
794,skin cook recipesbestcraze,19
795,saudiarabia oman cooking,19
796,weightlossjourney weightlosstips weightloss,19
797,dropping pounds like,19
798,check gig fiverr,19
799,need logodesign photography,19
800,logodesign photography fitness,19
801,photography fitness nutrition,19
802,fitness nutrition realestate,19
803,nutrition realestate business,19
804,realestate business website,19
805,business website blog,19
806,luxury recipe stocks,19
807,safe justonedrop antibacterial,19
808,diet weightlossjourney fitness,19
809,tips healthtips wellbeing,18
810,diet nutrition gym,18
811,story vegnca vganf,18
812,vegnca vganf plantbased,18
813,healthyeating becoming eater,18
814,becoming eater frizemedia,18
815,yoga diabetes diet,18
816,gym foodblogger fit,18
817,homedelivery convenience abislaziz,18
818,gratitude list wife,18
819,howto tips healthtips,18
820,common myths facts,18
821,nutrition healthyfood healthyeating,18
822,manifacturing technology industry,18
823,fertility menshealth hormones,18
824,supplements weightloss motivation,18
825,japanesefood cooking foodblogger,18
826,weightlossjourney nutrition cleaneating,18
827,asia middleeast music,18
828,fit mumbai asianfood,18
829,foodlover homemade delicious,18
830,vegan veganism veganjunkfood,18
831,veganism veganjunkfood plants,18
832,veganjunkfood plants delicious,18
833,theveganco veganco vegan,18
834,oman cooking kitchen,18
835,chef cooks deals,18
836,everyone welcome blog,18
837,daysout whatson activities,18
838,whatson activities adventure,18
839,activities adventure education,18
840,lowcarb recipe recipeoftheday,18
841,exercise workout weightloss,18
842,diabetes t1d type2diabetes,18
843,mlb nfl giants,18
844,nutrition tips healthtips,17
845,zone meal blocks,17
846,lower blood pressure,17
847,book awardwinning book,17
848,vegan vegetarian body,17
849,vegetarian body delhi,17
850,body delhi plantbased,17
851,glasses tagfire beauty,17
852,good choices good,17
853,weight loss weightloss,17
854,fresh juicecleanse fruits,17
855,family fun wow,17
856,nutrition weightloss fitness,17
857,nutrition fitness weightloss,17
858,exercise muscle diet,17
859,nutrition weightloss diet,17
860,healthyliving healthyeating fitfam,17
861,keto weight year,17
862,weight year drink,17
863,lean fatloss weightloss,17
864,milk staysafe stayhealthy,17
865,nutrition fit bodybuilding,17
866,uk usa japanesefood,17
867,nutrition nutritionist diet,17
868,anaphylaxis britishfoodallergyawareness foodallergies,17
869,cupofuji beniceke zerohunger,17
870,healthyliving exercise mayoclinic,17
871,fitfam nutritionist exercise,17
872,foodtech safefood socialdistancing,17
873,ketogenic ketolife ketosis,17
874,ketolife ketosis ketoweightloss,17
875,ketosis ketoweightloss diet,17
876,ketoweightloss diet weightloss,17
877,weightlossdiet weightlosstips healthyeating,17
878,gym cooking training,17
879,wellbeing lowcarb recipe,17
880,fitnessmotivation healthyfood nature,17
881,7tastydairy dairy milk,17
882,decor luxury recipe,17
883,healthyliving livehealthyae livehealthyfestival,17
884,livehealthyae livehealthyfestival festival,17
885,livehealthyfestival festival classes,17
886,recipeoftheday recipes inspiration,17
887,healthyeating fitness loseweight,17
888,foodinsecurity foodpackaging globalnews,17
889,meat healthyeating drink,17
890,meditation realestate webdesign,16
891,realestate webdesign business,16
892,drink week nutrition,16
893,strengthen immune system,16
894,plantbased organic vegan,16
895,real foodeat real,16
896,weightloss fitness nutrition,16
897,book shapes child,16
898,fitness mumbai healthyrecipes,16
899,nutraceuticals nutrients healthyliving,16
900,beauty yoga diet,16
901,beauty yoga diabetes,16
902,healthyfood salt sugar,16
903,diabetes weightloss diet,16
904,beauty yoga weightloss,16
905,yoga weightloss diet,16
906,keto zerocarb ketocarnivore,16
907,ketocarnivore meat diet,16
908,cooking humor comedy,16
909,nutrition trending fridayfitness,16
910,gym picoftheday trending,16
911,picoftheday trending fruits,16
912,training workout muscle,16
913,workout muscle lean,16
914,admabiscuits madeinrwanda eastafrica,16
915,write us comments,16
916,sunlightcontestalert giveway vitamindsaturdaymorning,16
917,giveway vitamindsaturdaymorning foodhealth,16
918,tasty cooking homemade,16
919,reading fruit value,16
920,2021 foodworldorder environment,16
921,diet healthyliving cvs,16
922,exercise training detox,16
923,plantbased plants healing,16
924,sport travel world,16
925,storage mealprep mealprepare,16
926,vegan vegetarian plantbased,16
927,weightloss healthyliving healthyfood,16
928,style design wellbeing,16
929,rpureproducts rpuremasala healthyspices,16
930,rpuremasala healthyspices tastyspices,16
931,recipes quote joy,16
932,weightlosstips healthyeating healthylife,16
933,hello everyone welcome,16
934,welcome blog nifamilybloglife,16
935,blog nifamilybloglife keeping,16
936,nifamilybloglife keeping updated,16
937,keeping updated family,16
938,updated family daysout,16
939,family daysout whatson,16
940,adventure education comps,16
941,festival celebration immunity,16
942,weightloss fitness fitnessmotivation,16
943,loseweight cooking homecooking,16
944,healthlifestyle healthyfood wellnesscoach,16
945,coach healer priest,16
946,healer priest recordingartist,16
947,priest recordingartist mentor,16
948,recordingartist mentor speaker,16
949,mentor speaker author,16
950,speaker author consultant,16
951,author consultant musician,16
952,kindness awareness spirituality,16
953,awareness spirituality reiki,16
954,spirituality reiki healing,16
955,reiki healing mindset,16
956,healing mindset body,16
957,justonedrop antibacterial nanosilver,16
958,macronutrients fats healthyplate,16
959,fats healthyplate diet,16
960,beauty healthyliving diet,16
961,virus vaccine lockdown,16
962,bread sandwiches pizza,16
963,sandwiches pizza follow,16
964,pizza follow 100,16
965,follow 100 paleo,16
966,100 paleo ketogenic,16
967,motivation friends meditation,15
968,coffee motivation logo,15
969,motivation logo friends,15
970,diet nutrition eathealthy,15
971,vganf plantbased organic,15
972,organic vegan beverages,15
973,vegan beverages cannabis,15
974,foodeat real foodeat,15
975,diet weightlossdiet nutrition,15
976,industry pays attention,15
977,heart disease diabetes,15
978,workout motivation fit,15
979,healthyfood nutrition nutritionist,15
980,mood healthyrecipes recipes,15
981,zerocarb ketocarnivore meat,15
982,protein fitness nutrition,15
983,mindfulness motivation sustainability,15
984,plantbased veganfood vegetarian,15
985,bank account good,15
986,account good choices,15
987,technology industry high,15
988,lesssaltplease unpackthesalt breakupwithsalt,15
989,heart obesity highbloodpressure,15
990,perfectlife inspireothers naturalremedy,15
991,mind body spirit,15
992,cooking homemade sundayvibes,15
993,nutrition fitness diet,15
994,wholevegan vegan homemade,15
995,vegan homemade cooking,15
996,exercise fitness didyouknow,15
997,recipe organic fit,15
998,convenience abislaziz nagpur,15
999,chinesefood orderonline mumbaifood,15
1000,orderonline mumbaifood mumbaifoodie,15
1001,mumbaifood mumbaifoodie chinesecuisine,15
1002,natural herbalmedicine herbal,15
1003,herbalmedicine herbal plantbased,15
1004,herbal plantbased plants,15
1005,mealprep mealprepare mealstorage,15
1006,mealprepare mealstorage plan,15
1007,shop online organicfood,15
1008,online organicfood nirvanaorganic,15
1009,yoga vegan veganism,15
1010,products visit nova,15
1011,raw vegetarian fitness,15
1012,vegetarian fitness eatclean,15
1013,icymi read earsfrom,15
1014,read earsfrom week,15
1015,medical diet superspeciality,15
1016,joy gratitude visualization,15
1017,nova dairy products,15
1018,dairy products visit,15
1019,kiru millets sustainable,15
1020,millets sustainable orgtree,15
1021,sustainable orgtree energy,15
1022,orgtree energy healthyfood,15
1023,energy healthyfood nutrition,15
1024,reading browse topics,15
1025,happy world safety,15
1026,cooking kitchen amazonprime,15
1027,kitchen amazonprime foodies,15
1028,climatecrisis climateemergency climatechange,15
1029,weightloss loseweight cooking,15
1030,explore tourism picoftheday,15
1031,tourism picoftheday festival,15
1032,repost museum travelgram,15
1033,museum travelgram adventure,15
1034,travelgram adventure passat,15
1035,teacher coach healer,15
1036,banking review decor,15
1037,review decor luxury,15
1038,plantbased alkaline drsebi,15
1039,give favourite bread,15
1040,favourite bread sandwiches,15
1041,28 meal plan,15
1042,meal plan 10,15
1043,plan 10 expert,15
1044,10 expert guides,15
1045,expert guides educate,15
1046,guides educate inspire,15
1047,educate inspire youhealth,15
1048,inspire youhealth keto,15
1049,youhealth keto diet,15
1050,2026visit foodandbeverage foodandnutrition,15
1051,coffee motivation friends,14
1052,peaceful preengineeredsteelbuildingsolutionssteel safbuild,14
1053,let thy medicine,14
1054,custom keto diet,14
1055,vegan veganism vegetarian,14
1056,fitness workout motivation,14
1057,10 home remedies,14
1058,machine machinery taiba,14
1059,machinery taiba filling,14
1060,filling fillingmachine manifacturing,14
1061,quality healthyfood salt,14
1062,healthyrecipes recipes cookwithchildren,14
1063,kitchen cooking humor,14
1064,details check us,14
1065,diet bank account,14
1066,superfood sixpack nutrition,14
1067,diet berlin london,14
1068,berlin london paris,14
1069,london paris rome,14
1070,healthyfood healthyeating healthyliving,14
1071,fit healthyeating nutrition,14
1072,lamuscle diet abs,14
1073,lose weight keep,14
1074,angelinaxseptember wholevegan vegan,14
1075,bloodpressure immunity instafood,14
1076,dryfruits foodproductsonline cuisines,14
1077,read full article,14
1078,kids family fun,14
1079,fit fitnessmotivation bodybuilding,14
1080,nutrition fitness exercise,14
1081,rpurespices rpureproducts rpuremasala,14
1082,tastyspices taste gravy,14
1083,healthyeating nutrition weightloss,14
1084,beverages cannabis marijuana,14
1085,mumbaifoodie chinesecuisine chinesefoodlover,14
1086,chinesecuisine chinesefoodlover mumbai,14
1087,chinesefoodlover mumbai yum,14
1088,physique exercise lifebalance,14
1089,vegan middleeast blogger,14
1090,japan foodblogger mumbai,14
1091,diet healthyeating weightloss,14
1092,indianfood indiauk usa,14
1093,weightloss weightlossjourney weightlosstransformation,14
1094,delhi uk usa,14
1095,donate helpingeachother helpinghands,14
1096,helpingeachother helpinghands education,14
1097,year drink week,14
1098,instafood fitness foodphotography,14
1099,blackbeans beans cook,14
1100,healthyeating nutrition healthyliving,14
1101,healthyspices tastyspices taste,14
1102,drivethru distribution tomorrow,14
1103,reading healthyeating becoming,14
1104,nutrition cleaneating vegan,14
1105,cooking yummy family,14
1106,diet exercise weightloss,14
1107,cleaneating eatclean healthyeating,14
1108,healthyeating healthyliving healthyfood,14
1109,foodsafety allergens safefood,14
1110,fitness mumbai asia,14
1111,foodsafety haccp foodindustry,14
1112,safefood socialdistancing foodquality,14
1113,poultryfood farm pfrc,14
1114,fit healthyeating gym,14
1115,healthyeating gym nutrition,14
1116,handmade family home,14
1117,contact us 91,14
1118,diet superspeciality surgery,14
1119,cooking kitchen shopping,14
1120,healthyliving nutrition fatloss,14
1121,nutrition fatloss diet,14
1122,future kiru millets,14
1123,cancer copd asthma,14
1124,copd asthma arthritis,14
1125,nature society friends,14
1126,nutritionwithkatie personaltrainingguildford mscstudent,14
1127,shopping music travel,14
1128,govegan vegansofig veganiseasy,14
1129,celebration immunity thursdaythoughts,14
1130,end week meme,14
1131,week meme wrap,14
1132,meme wrap friday,14
1133,wrap friday funnies,14
1134,friday funnies get,14
1135,funnies get ready,14
1136,get ready weekend,14
1137,ready weekend enjoyimage,14
1138,cupofuji cup porridge,14
1139,cooking training motivation,14
1140,workout weightloss loseweight,14
1141,picoftheday festival arte,14
1142,festival arte photo,14
1143,arte photo repost,14
1144,photo repost museum,14
1145,vegan wellnesscoach glutenfree,14
1146,globalwarming tips cooking,14
1147,tips cooking startup,14
1148,homeworkout transformation healthyfood,14
1149,antibacterial nanosilver particles,14
1150,detox weightloss vegan,14
1151,alkaline drsebi weightlossjourney,14
1152,billion 2025visit foodandbeverage,14
1153,latest yoga daily,13
1154,yoga daily global,13
1155,daily global thanks,13
1156,workout diet nutrition,13
1157,healthyeating nutrition fitness,13
1158,fitnessmotivation training nutrition,13
1159,livehealthy stayfit diet,13
1160,diet nutrition healthyeating,13
1161,racetozero actonclimate climatejustice,13
1162,taiba filling fillingmachine,13
1163,quadro nuts detergent,13
1164,nuts detergent chemical,13
1165,chemical quality healthyfood,13
1166,tagfire beauty diet,13
1167,weightloss diet disease,13
1168,diet disease obesity,13
1169,disease obesity workout,13
1170,obesity workout aerobic,13
1171,workout aerobic fitness,13
1172,aerobic fitness hot,13
1173,vegan comedian comics,13
1174,hot funny fun,13
1175,prevent control disease,13
1176,gym workout fit,13
1177,fitness nutrition fitfam,13
1178,fitness mindfulness motivation,13
1179,home tagfire yoga,13
1180,form medicine slowest,13
1181,medicine slowest form,13
1182,muscle lean gains,13
1183,juicecleanse fruits organic,13
1184,vegan plantbased veganfood,13
1185,best cities vegans,13
1186,cities vegans live,13
1187,vegans live travel,13
1188,live travel tovegan,13
1189,travel tovegan diet,13
1190,tovegan diet berlin,13
1191,paris rome istanbul,13
1192,rome istanbul dubai,13
1193,istanbul dubai delhi,13
1194,dubai delhi singapore,13
1195,delhi singapore shanghai,13
1196,shanghai hongkong sydney,13
1197,nutrition diet healthyeating,13
1198,fitness weightloss diet,13
1199,japan cooking veggies,13
1200,nutrition protein fitness,13
1201,recipes recipe cooking,13
1202,safest powerful form,13
1203,organic nature vegan,13
1204,nature vegan natural,13
1205,fashion sport travel,13
1206,middleeast blogger art,13
1207,healthyfood diet healthyeating,13
1208,weightloss fitness fitfam,13
1209,nutrition cleaneating diet,13
1210,natural healthyfood nature,13
1211,healthyfood diet motivation,13
1212,popups leadmagnets onlinesales,13
1213,leadmagnets onlinesales fashion,13
1214,onlinesales fashion shoes,13
1215,fashion shoes jewellery,13
1216,shoes jewellery luxury,13
1217,jewellery luxury gadgets,13
1218,luxury gadgets homeware,13
1219,gadgets homeware electronics,13
1220,homeware electronics cosmetics,13
1221,electronics cosmetics books,13
1222,cosmetics books travel,13
1223,books travel fitness,13
1224,weightloss nutrition healthyeating,13
1225,coconut chickpea rice,13
1226,weightloss fitness hydration,13
1227,allergies foodallergy foodallergyawareness,13
1228,allergens safefood foodallergyfamily,13
1229,crosscontamination anaphylaxis britishfoodallergyawareness,13
1230,beirut vegan raw,13
1231,us 91 9356668267kalpnutrition,13
1232,91 9356668267kalpnutrition nutrition,13
1233,9356668267kalpnutrition nutrition diet,13
1234,foodquality training foodprocessing,13
1235,peace kids medicine,13
1236,surgery precautions healthspecialist,13
1237,precautions healthspecialist healthyliving,13
1238,healthspecialist healthyliving prevention,13
1239,prevention cure treatment,13
1240,fatloss diet weightloss,13
1241,growthhacking onlineadvertising digitalmarketing,13
1242,foundation amazon facebook,13
1243,amazon facebook donate,13
1244,facebook donate helpingeachother,13
1245,helpinghands education feedback,13
1246,change jayz nyc,13
1247,homemade delicious nutrition,13
1248,foodsafety foodindustry foodhygiene,13
1249,without giving favorite,13
1250,immunity fridaymotivation fridaymood,13
1251,weightloss weightlossjourney dietitian,13
1252,weightlossjourney dietitian weightlossdiet,13
1253,dietitian weightlossdiet weightlosstips,13
1254,music travel news,13
1255,healthyliving foodlover delicious,13
1256,eu africa politics,13
1257,africa politics shopping,13
1258,politics shopping music,13
1259,healthyfood vegetarian healthandwellness,13
1260,festival immunity wednesdaywisdom,13
1261,check us adnutrix,13
1262,us adnutrix fitness,13
1263,adnutrix fitness healthyfood,13
1264,weekend enjoyimage credit,13
1265,externalafairs bloodbank warmth,13
1266,bloodbank warmth covid19awareness,13
1267,discover women men,13
1268,weightloss healthyliving healthlifestyle,13
1269,healthyliving healthlifestyle healthyfood,13
1270,beauty indonesia explore,13
1271,indonesia explore tourism,13
1272,adventure passat stayhome,13
1273,hearthealth cholesterol instafood,13
1274,cholesterol instafood organic,13
1275,losangelesfood la veganfood,13
1276,plantbased vegan wellnesscoach,13
1277,marijuana justsaying naturesbeauty,13
1278,justsaying naturesbeauty fantastic,13
1279,orders 91 9779007900organic,13
1280,91 9779007900organic natural,13
1281,9779007900organic natural skincare,13
1282,english uk london,13
1283,uk london vegan,13
1284,london vegan cooking,13
1285,nanosilver particles silveratoms,13
1286,drsebi weightlossjourney healthyliving,13
1287,november 2020 tastyfix,13
1288,paleo ketogenic diethealth,13
1289,step step guide,13
1290,step guide livinga,13
1291,guide livinga ketogenic,13
1292,diethealth keto diet,13
1293,stress diet care,13
1294,diet care selfcare,13
1295,foodbytheword water healthyfood,12
1296,science medicine nutrition,12
1297,business light family,12
1298,recalled due listeria,12
1299,fitness yoga wellbeing,12
1300,yoga wellbeing nutrition,12
1301,plantbased protein meat,12
1302,protein meat eggs,12
1303,meat eggs vegan,12
1304,eggs vegan veganism,12
1305,veganism vegetarian shrimp,12
1306,vegetarian shrimp chicken,12
1307,shrimp chicken beef,12
1308,chicken beef pork,12
1309,daily gratitude list,12
1310,clinicalnutrition wellbeing stress,12
1311,nutrition fitness motivation,12
1312,climate netzero racetozero,12
1313,netzero racetozero actonclimate,12
1314,blood pressure tagfire,12
1315,diet nutrition cooking,12
1316,diet dietplan fitness,12
1317,diet nutrition healthyfood,12
1318,diet stress anxiety,12
1319,ayurvedic herbal nutrition,12
1320,tuesdaymotivations 23novembre 23nov,12
1321,singapore shanghai hongkong,12
1322,hongkong sydney alberta,12
1323,sydney alberta britishcolombia,12
1324,fillingmachine manifacturing technology,12
1325,homemade cooking tasty,12
1326,delicious taste immunity,12
1327,weight loss tips,12
1328,tasty nuts dryfruits,12
1329,nuts dryfruits foodproductsonline,12
1330,foodproductsonline cuisines spicy,12
1331,taibapm packaging packaginmachinery,12
1332,packaging packaginmachinery machine,12
1333,workout fit nutrition,12
1334,lamuscle testo fertility,12
1335,cookathome rpurespices rpureproducts,12
1336,industry high quality,12
1337,either safest powerful,12
1338,powerful form medicine,12
1339,cannabis marijuana marijuanastocks,12
1340,fitness healthyeating weightloss,12
1341,healthyeating weightloss nutrition,12
1342,nutrition weightlossjourney fitnessmotivation,12
1343,keto diet plan,12
1344,training detox kurus,12
1345,vegan natural herbalmedicine,12
1346,plants healing herbalist,12
1347,house home homeware,12
1348,shop gift buy,12
1349,soup healthyrecipes nutrition,12
1350,organic nuts seeds,12
1351,healthydiet healthyfood diet,12
1352,healthyeating weightloss fitness,12
1353,everyday nutrition fitness,12
1354,diet dieting healthyfood,12
1355,fb ig mvssales,12
1356,ig mvssales medical,12
1357,mvssales medical supplier,12
1358,fitness gymlife diet,12
1359,zen shop present,12
1360,shop present gift,12
1361,vegan vegetarian delhi,12
1362,microbiome guthealth immunity,12
1363,baingan ka bharta,12
1364,middleeast music blogger,12
1365,okinawa flat belly,12
1366,flat belly tonic,12
1367,bloggers popups leadmagnets,12
1368,selfcare nutrition diet,12
1369,workout diet exercise,12
1370,weightloss diet workout,12
1371,cooking vancouverfoodie torontofood,12
1372,safefood foodallergyfamily crosscontamination,12
1373,foodallergyfamily crosscontamination anaphylaxis,12
1374,vegan raw vegetarian,12
1375,socialdistancing foodquality training,12
1376,house home decor,12
1377,home decor zen,12
1378,21see apps support,12
1379,superspeciality surgery precautions,12
1380,healthyliving prevention cure,12
1381,cure treatment surgeon,12
1382,delicious recipes try,12
1383,ibd cancer copd,12
1384,see april 2021see,12
1385,yummy beirut fitness,12
1386,beirut fitness eatclean,12
1387,children motivation nonviolence,12
1388,motivation nonviolence change,12
1389,humannutrition plantbased nutritionwithkatie,12
1390,personaltrainingguildford mscstudent nutritionstudent,12
1391,coming soon organic,12
1392,nutritioncoach gymlife fatloss,12
1393,recipes inspiration body,12
1394,cooks deals sale,12
1395,travel news salesannouncement,12
1396,healthyliving goodfood foodforskin,12
1397,holikerangtastydairykesang tastydairy dairy,12
1398,warmth covid19awareness doctor,12
1399,ans 7tastydairy dairy,12
1400,poultry poultryfood farm,12
1401,website orders 91,12
1402,farmer farmersmarket jitafarms,12
1403,farmersmarket jitafarms chicken,12
1404,complete step step,12
1405,ketogenic diethealth keto,12
1406,women men 50are,12
1407,men 50are dropping,12
1408,50are dropping pounds,12
1409,weightlossjourney fitness weightlossinspiration,12
1410,fitness weightlossinspiration fitnessmotivation,12
1411,water healthyfood healthyeating,11
1412,motivation toronto logo,11
1413,healthyfood diet nutrition,11
1414,safbuild nairobi kenya,11
1415,travel coffee toronto,11
1416,wellbeing nutrition nourishment,11
1417,beef pork tuna,11
1418,deeplearning onlineadvertising digitalmarketing,11
1419,digitalmarketing digitalmarketingservices businessnews,11
1420,yoga diet style,11
1421,diet style cool,11
1422,hot funny hair,11
1423,funny hair women,11
1424,hair women girls,11
1425,safe exercise high,11
1426,exercise high blood,11
1427,detergent chemical quality,11
1428,salt sugar tea,11
1429,sugar tea coffee,11
1430,tea coffee istanbul,11
1431,coffee istanbul turkey,11
1432,diet tagfire diabetes,11
1433,dining kitchen cooking,11
1434,weightloss diet acidity,11
1435,diet acidity pain,11
1436,abis alam197 ofahd,11
1437,tv tvshow saamtv,11
1438,weightloss yoga anxiety,11
1439,unpackthesalt breakupwithsalt heart,11
1440,breakupwithsalt heart obesity,11
1441,foodtech foodmanufacture foodindustry,11
1442,keto zerocarb meat,11
1443,zerocarb meat diet,11
1444,tuesdayvibe tuesdaymotivations 23novembre,11
1445,homedelivery convenience nagpur,11
1446,sundayvibes 21noviembre healthyfood,11
1447,mindfulness sustainability mumbai,11
1448,healthyliving healthyfood healthyeating,11
1449,18novembre 18november november,11
1450,18november november thursdayvibes,11
1451,cooking tasty angiekitchen,11
1452,blogygold definition online,11
1453,definition online magazine,11
1454,online magazine servicesdesign,11
1455,magazine servicesdesign training,11
1456,servicesdesign training consultancynews,11
1457,training consultancynews fashion,11
1458,arts story nature,11
1459,story nature fun,11
1460,nature fun celebrity,11
1461,fitness fitnessmotivation motivation,11
1462,diet eatclean nutrition,11
1463,diet nutrition yum,11
1464,vape juicewrld vegan,11
1465,nutrition hunger children,11
1466,hunger children poverty,11
1467,fridayfeeling gym picoftheday,11
1468,superfood nutrition protein,11
1469,usa japan nutrition,11
1470,marijuana marijuanastocks potstocks,11
1471,fitness fit workout,11
1472,nutrition blogger japan,11
1473,blogger japan music,11
1474,contemporary modern house,11
1475,modern house home,11
1476,mumbai yum fresh,11
1477,fresh restaurant foodies,11
1478,restaurant foodies hungry,11
1479,wellbeing fashion sport,11
1480,blogger art soup,11
1481,art soup delhi,11
1482,delhi plantbased indianfood,11
1483,plantbased indianfood indiauk,11
1484,foodblogger delhi uk,11
1485,kosher popular conscious,11
1486,exercise lean fatloss,11
1487,present gift buy,11
1488,diet protein nutrition,11
1489,nutrition immunesystem probiotics,11
1490,ka bharta recipe,11
1491,travel fitness beauty,11
1492,lovewhatyoueat salata salad,11
1493,healthyfood beirut vegan,11
1494,zen shop gift,11
1495,eatclean healthyeating workout,11
1496,diet motivation fit,11
1497,nutrition healthyeating fitness,11
1498,foodallergyawareness allergy foodallergylife,11
1499,allergy foodallergylife foodsafety,11
1500,foodallergylife foodsafety allergens,11
1501,usa japan blogger,11
1502,15 delicious recipes,11
1503,recipes try youre,11
1504,try youre dietingsee,11
1505,deliciousfood diet dieting,11
1506,dieting healthyfood recipe,11
1507,healthyfood recipe tasty,11
1508,recipe tasty weightloss,11
1509,tasty weightloss weightlossdiet,11
1510,plantbased nutritionwithkatie personaltrainingguildford,11
1511,weightlossjourney goals coach,11
1512,diabetes ckd cvd,11
1513,ckd cvd ibd,11
1514,cvd ibd cancer,11
1515,livehealthy eatright stayfit,11
1516,diet exercise fitness,11
1517,keto challenge get,11
1518,delhi plantbased peace,11
1519,plantbased peace indiauk,11
1520,peace indiauk usa,11
1521,subscribe youtube channel,11
1522,recipe recipeoftheday lowcarb,11
1523,apply today chance,11
1524,today chance win,11
1525,yogapod sleep stressmanagement,11
1526,diabeticknowledge diabetestype2 diet,11
1527,wellnesscoach healthandwellness vegetarian,11
1528,rap beauty indonesia,11
1529,diet fitness nasm,11
1530,fitness nasm nutrikhor,11
1531,nasm nutrikhor blackownedbusiness,11
1532,nutrikhor blackownedbusiness photooftheday,11
1533,muslim african american,11
1534,marijuana justsaying vegan,11
1535,justsaying vegan naturesbeauty,11
1536,homemade homecooking delicious,11
1537,homecooking delicious poultry,11
1538,delicious poultry poultryfood,11
1539,qtrove website orders,11
1540,stocks bonds construction,11
1541,bonds construction business,11
1542,jitafarms chicken veggies,11
1543,introducing living phenoms,11
1544,need resist chocolate,11
1545,resist chocolate cravings,11
1546,chocolate cravings protein,11
1547,cravings protein fiber,11
1548,protein fiber packed,11
1549,fiber packed recipe,11
1550,packed recipe chocolate,11
1551,recipe chocolate complete,11
1552,chocolate complete snacks,11
1553,complete snacks desserts,11
1554,snacks desserts recipes,11
1555,loves waffles delicious,11
1556,waffles delicious noguilt,11
1557,delicious noguilt recipe,11
1558,noguilt recipe adds,11
1559,recipe adds protein,11
1560,adds protein fiber,11
1561,protein fiber breakfast,11
1562,fiber breakfast favorite,11
1563,breakfast favorite recipes,11
1564,favorite recipes foodlover,11
1565,recipes foodlover healthtips,11
1566,transformation healthyfood healthyliving,11
1567,diet carbs coronavirusde,11
1568,microplastics pollution plasticpollution,11
1569,pollution plasticpollution gogreen,11
1570,plasticpollution gogreen water,11
1571,gogreen water sdg6,11
1572,water sdg6 climatechange,11
1573,sdg6 climatechange science,11
1574,climatechange science technology,11
1575,science technology crisis,11
1576,billion 2024visit foodandbeverage,11
1577,pounds like crazyhealth,11
1578,like crazyhealth keto,11
1579,crazyhealth keto diet,11
1580,vdiabetic controldiabetes victoryoverdiabetes,11
1581,diettips dietanddiabetes stress,11
1582,dietanddiabetes stress diet,11
1583,care selfcare symptoms,11
1584,weightlossinspiration fitnessmotivation healthyeating,11
1585,fitness howtoloseweight ketogenicdietketoforbeginer,11
1586,billion 2026visit foodandbeverage,11
1587,diet healthyfood healthyliving,10
1588,coffee motivation toronto,10
1589,plants plantx january,10
1590,webdesign business light,10
1591,snackzone recipes healthyfood,10
1592,howtoloseweight weightlossdiet diet,10
1593,medicine diet nutrition,10
1594,sustainable sustainability farm,10
1595,sustainability farm healthyeating,10
1596,extra olive oil,10
1597,transformative juliette bryant,10
1598,preengineeredsteelbuildingsolutionssteel safbuild nairobi,10
1599,diet weight loss,10
1600,coffee toronto logo,10
1601,coffee maldives logo,10
1602,maldives logo friends,10
1603,wellbeing stress coach,10
1604,plantbased organic nutrition,10
1605,healthyfood healthyeating hildon,10
1606,bodybuilding healthyeating vegan,10
1607,nourish brain improve,10
1608,diet weightlossdiet mindset,10
1609,weightlossdiet mindset fitness,10
1610,fitness nutrition yoga,10
1611,weight loss diet,10
1612,seasonal foodsave money,10
1613,foodsave money planet,10
1614,climateaction climate netzero,10
1615,actonclimate climatejustice cop26,10
1616,climatejustice cop26 climateemergency,10
1617,funny jokes vegan,10
1618,acidity pain walking,10
1619,pain walking happy,10
1620,walking happy anxiety,10
1621,happy anxiety stress,10
1622,anxiety stress hot,10
1623,stress hot funny,10
1624,funny fun f4f,10
1625,ibgroup abis alam197,10
1626,naturally home tagfire,10
1627,home family friends,10
1628,recipe write us,10
1629,diabetes diet stress,10
1630,red meat vs,10
1631,meat vs white,10
1632,vs white meat,10
1633,slowest form poison,10
1634,vegetarian healthyfood crueltyfree,10
1635,15 common myths,10
1636,hot fun cool,10
1637,recipe recipes recipeoftheday,10
1638,really lose weight,10
1639,let us comments,10
1640,mineral plays key,10
1641,plays key role,10
1642,key role keeping,10
1643,role keeping hemoglobin,10
1644,keeping hemoglobin levels,10
1645,selfies diabetes diet,10
1646,diabetes diet photo,10
1647,diet photo computers,10
1648,photo computers stress,10
1649,computers stress anxiety,10
1650,anxiety happy pain,10
1651,healthyfood nutrition healthyeating,10
1652,weightlossjourney fitness motivation,10
1653,alberta britishcolombia newyork,10
1654,fitness workout exercise,10
1655,kitchen chef chefs,10
1656,consultancynews fashion travel,10
1657,fun celebrity events,10
1658,history fitness sports,10
1659,fitness sports beauty,10
1660,nutrtion fitness fitnessmotivation,10
1661,fitnessmotivation motivation healthyfood,10
1662,motivation healthyfood personaltrainer,10
1663,healthyfood personaltrainer diet,10
1664,personaltrainer diet eatclean,10
1665,eatclean nutrition workout,10
1666,nutrition workout training,10
1667,weightlossfood diet weightlossdiet,10
1668,cuisines spicy qualityfood,10
1669,spicy qualityfood seasoned,10
1670,breakfast important meal,10
1671,fitness nutrition diet,10
1672,processedfood puresalt saltmatters,10
1673,fitness nutrition weightloss,10
1674,fitness fit gym,10
1675,reduce risk heart,10
1676,weightloss motivation vegan,10
1677,weight weightloss wellbeing,10
1678,vegan fitnessmotivation training,10
1679,cooking veggies gym,10
1680,veggies gym foodblogger,10
1681,efficiency powder milk,10
1682,marijuanastocks potstocks smallcaps,10
1683,weightloss nutrition weightlossjourney,10
1684,weightlossjourney fitnessmotivation motivation,10
1685,fitnessmotivation motivation vegan,10
1686,motivation vegan workout,10
1687,zen happiness peace,10
1688,happiness peace harmony,10
1689,peace harmony tranquility,10
1690,high quality perfomance,10
1691,motivation diet workout,10
1692,gym fit exercise,10
1693,verifresh ujjwalghee navratri,10
1694,ujjwalghee navratri contest,10
1695,navratri contest maadurga,10
1696,contest maadurga puja,10
1697,maadurga puja nutrition,10
1698,puja nutrition immunity,10
1699,nutrition immunity festival,10
1700,mindset motivation inspiration,10
1701,healing herbalist detox,10
1702,herbalist detox healthyfood,10
1703,stretching mindset body,10
1704,exercise lifebalance holisticfitness,10
1705,lifebalance holisticfitness personaltrainer,10
1706,nutrition diet training,10
1707,diet training workout,10
1708,japan wellbeing travel,10
1709,world contemporary modern,10
1710,home homeware decor,10
1711,homeware decor zen,10
1712,made orderthaifood chinesefood,10
1713,orderthaifood chinesefood orderonline,10
1714,yum fresh restaurant,10
1715,antioxidants instafood organic,10
1716,delicious roasted organic,10
1717,roasted organic nuts,10
1718,nuts seeds organic,10
1719,soup delhi foodmusic,10
1720,delhi foodmusic indiauk,10
1721,foodmusic indiauk usa,10
1722,organic soup nutrition,10
1723,soup nutrition plantbased,10
1724,usa japan trending,10
1725,japan trending mumbai,10
1726,popular conscious frizemedia,10
1727,flavors exercise keto,10
1728,nutrition diet dieticician,10
1729,fitness foodphotography healthyeating,10
1730,fitfam eatclean cleaneating,10
1731,juice vape juicewrld,10
1732,guthealth immunity allergies,10
1733,immunity allergies nutrition,10
1734,immunesystem probiotics prebiotics,10
1735,diabetes t1d t2d,10
1736,foodindustry foodhygiene foodscience,10
1737,best coconut chickpea,10
1738,chickpea rice bowl,10
1739,rice bowl totally,10
1740,bowl totally organic,10
1741,totally organic recipe,10
1742,organic recipe organic,10
1743,lunch lebanon diet,10
1744,healthyeating workout weightloss,10
1745,workout weightloss healthyfood,10
1746,weightloss healthyfood motivation,10
1747,fitness nutrition workout,10
1748,organic soup healthyrecipes,10
1749,usa japanesefood trending,10
1750,japanesefood trending mumbai,10
1751,middleeast cooking vancouverfoodie,10
1752,exercise nutritionist eatclean,10
1753,instagood vegan fitnessmotivation,10
1754,fitness healthyfood motivation,10
1755,foodallergy foodallergyawareness allergy,10
1756,diet nutrition protein,10
1757,organic healthyfood beirut,10
1758,ame environmental occupational,10
1759,brain improve protect,10
1760,kitchen shopping qatar,10
1761,shopping qatar kuwait,10
1762,qatar kuwait saudiarabia,10
1763,onlineadvertising digitalmarketing onlinemarketingghana,10
1764,education feedback review,10
1765,yummy handmade family,10
1766,healthyfood healthyliving diet,10
1767,recipes quote today,10
1768,humor comedy chef,10
1769,takeaway foodamp drink,10
1770,foodamp drink litter,10
1771,drink litter dominates,10
1772,litter dominates ocean,10
1773,dominates ocean plastic,10
1774,ocean plastic study,10
1775,plastic study showsdhpsp,10
1776,study showsdhpsp scicomm,10
1777,showsdhpsp scicomm stem,10
1778,scicomm stem agritech,10
1779,stem agritech foodtech,10
1780,agritech foodtech foodietraveler,10
1781,foodtech foodietraveler travelnews,10
1782,foodietraveler travelnews travelblogger,10
1783,travelnews travelblogger meded,10
1784,travelblogger meded medtech,10
1785,meded medtech seafood,10
1786,medtech seafood marinelife,10
1787,seafood marinelife marinenews,10
1788,delicious nutrition weightloss,10
1789,healthyfood crueltyfree govegan,10
1790,crueltyfree govegan fitness,10
1791,govegan fitness veganlife,10
1792,fitness veganlife foodporn,10
1793,veganlife foodporn whatveganseat,10
1794,healthyeating sustainability environment,10
1795,story plants plntca,10
1796,plants plntca veggf,10
1797,diabetic friendly available,10
1798,friendly available heal,10
1799,available heal itsee,10
1800,nyc intelligent peace,10
1801,climateemergency climatechange globalwarming,10
1802,japan cooking mind,10
1803,cooking mind body,10
1804,wellbeing recipe recipeoftheday,10
1805,change jayz global,10
1806,nutrition nutritionist diabeteseducator,10
1807,loseweight howtoloseweight nutrition,10
1808,howtoloseweight nutrition fitness,10
1809,exercise workout mindset,10
1810,onlinemarketing seo digitalmarketingservices,10
1811,fitness fitnessmotivation workout,10
1812,gym fitness fitnessmotivation,10
1813,healthtech wellbeing yogapod,10
1814,wellbeing yogapod sleep,10
1815,immunity wednesdaywisdom wednesdaymood,10
1816,eatwell livewell diabeticknowledge,10
1817,livewell diabeticknowledge diabetestype2,10
1818,showmefitgreggwallace fitness exercise,10
1819,fitness weightloss healthlifestyle,10
1820,traditional rap beauty,10
1821,blackownedbusiness photooftheday pictureoftheday,10
1822,passat stayhome cardi,10
1823,stayhome cardi culture,10
1824,allah name merciful,10
1825,name merciful benefactor,10
1826,merciful benefactor merciful,10
1827,benefactor merciful redeemerhappy,10
1828,merciful redeemerhappy muslim,10
1829,redeemerhappy muslim african,10
1830,african american history,10
1831,american history month,10
1832,wine construction business,10
1833,body bitcoin blog,10
1834,particles silveratoms nanotechnology,10
1835,nuts nutrition healthyeating,10
1836,macronutrients protein healthyplate,10
1837,protein healthyplate diet,10
1838,9am pt environment,10
1839,foodweb microplastics pollution,10
1840,livinga ketogenic get,10
1841,28 keto challenge,10
1842,challenge get 28,10
1843,get 28 meal,10
1844,healthyeating drink foodies,10
1845,4weightloss loseweight howtoloseweight,9
1846,3weightloss loseweight howtoloseweight,9
1847,healthyliving healthyeating healthyfood,9
1848,2weightloss loseweight howtoloseweight,9
1849,due listeria news,9
1850,listeria news recall,9
1851,wealth pieces gold,9
1852,farm healthyeating healthyfood,9
1853,nutrition diet organic,9
1854,tell us comments,9
1855,weightloss weightlossjourney weightlosstips,9
1856,taibapm packaging packagingsolutions,9
1857,packaging packagingsolutions packaginmachinery,9
1858,packagingsolutions packaginmachinery machine,9
1859,year old grey,9
1860,grey hair premature,9
1861,menstrual cycle change,9
1862,home tagfire beauty,9
1863,jokes vegan comedian,9
1864,nutritionistchildnutritionist diabetes diet,9
1865,chickenprotein immunity immunesystem,9
1866,trending fridayfitness newsupdate,9
1867,healthtips howto wellbeing,9
1868,tvshow saamtv saamnews,9
1869,saamtv saamnews news,9
1870,saamnews news fun,9
1871,motivation fitness weightloss,9
1872,diabetes weightloss stress,9
1873,diabetes eye stress,9
1874,eye stress anxiety,9
1875,stress anxiety workout,9
1876,anxiety workout fitness,9
1877,diabetes tagfire yoga,9
1878,foodnews foodtech foodmanufacture,9
1879,organicfoodproducts organicshop organicmix,9
1880,homemade sundayvibes 21noviembre,9
1881,fashion travel architecture,9
1882,travel architecture arts,9
1883,architecture arts story,9
1884,events movies game,9
1885,game history fitness,9
1886,foodindustry processedfood puresalt,9
1887,children poverty child,9
1888,salt sodium heart,9
1889,nutrition healthyfood workout,9
1890,daily meals programme,9
1891,breakfast recipe recipeoftheday,9
1892,protein fitness gymlife,9
1893,money prerequisite humanif,9
1894,prerequisite humanif think,9
1895,humanif think money,9
1896,think money value,9
1897,money value worth,9
1898,spend lifetime working,9
1899,lifetime working money,9
1900,photography zen happiness,9
1901,onlinemarketingtopeurope onlinemarketingghana marketing,9
1902,lamuscle diet nutrition,9
1903,list wife faith,9
1904,holisticfitness personaltrainer fitspo,9
1905,nutrition mindfulness motivation,9
1906,stem stemed stemeducation,9
1907,fit diet ripped,9
1908,blogger fitness foodblogger,9
1909,fatloss weightloss fastedcardio,9
1910,weightloss fastedcardio diet,9
1911,contemporary house home,9
1912,allergies nutrition immunesystem,9
1913,nutrition healthyliving fitness,9
1914,socialproof bloggers popups,9
1915,fatloss weightloss fitness,9
1916,nutritioncoach weightloss healthyeating,9
1917,ofahd ibgroup abis,9
1918,glutenfree gluten glutenintolerance,9
1919,mumbai asia nutrition,9
1920,healthyfood motivation fit,9
1921,healthyliving exercise happy,9
1922,8860348393 91 8178005599via,9
1923,taste unique snacks,9
1924,unique snacks childrensee,9
1925,children kids parenting,9
1926,kids parenting parents,9
1927,nutrition vegan healthyeating,9
1928,ketogenicdiet ketorecipes ketolife,9
1929,weightloss ketogenic recipe,9
1930,fashion money football,9
1931,money football funny,9
1932,football funny woman,9
1933,discounts deal offers,9
1934,musclefitness sixpack nutrition,9
1935,donate support usunnatifoundation,9
1936,weightloss healthyfood healthyliving,9
1937,nutritionist diet mealprep,9
1938,joy happy lockdown,9
1939,sivasai takeaway foodamp,9
1940,recipes tips fatburn,9
1941,tips fatburn easyrecipes,9
1942,fatburn easyrecipes ketobook,9
1943,would like exactly,9
1944,exactly lose get,9
1945,get without giving,9
1946,milkujjwal gheeicecreambutter milktastydairy,9
1947,gheeicecreambutter milktastydairy dairy,9
1948,tagfire diabetes fitness,9
1949,diabetes fitness immunity,9
1950,deals sale cooking,9
1951,sale cooking kitchen,9
1952,chef dinner wellbeing,9
1953,blog meal yummy,9
1954,weight quarantine fast,9
1955,quarantine fast thefitnessfounder,9
1956,sustainable solution water,9
1957,water energy apply,9
1958,energy apply today,9
1959,nutritioncoach goals coach,9
1960,bowl salad salata,9
1961,hearthealth fitness caloriedeficit,9
1962,sleep stressmanagement happy,9
1963,stressmanagement happy yogasleepnode,9
1964,support usunnatifoundation ngo,9
1965,fitness foodphotography vegan,9
1966,foodphotography vegan healthyeating,9
1967,design need logodesign,9
1968,everyday healthdietitian nutrition,9
1969,every family education,9
1970,family education water,9
1971,water oldpensionscheme lessintrateinloan,9
1972,diabetestype2 diet diabetesawareness,9
1973,symptoms externalafairs bloodbank,9
1974,writerscommunity author blogger,9
1975,blogger srmarticles blogging,9
1976,blogging contentmarketing seo,9
1977,contentmarketing seo smo,9
1978,smo backlinks contentwriter,9
1979,contentwriter digitalmarketing care,9
1980,weightloss healthlifestyle healthyfood,9
1981,design traditional rap,9
1982,foodphotography yummy chickenrecipes,9
1983,chickenrecipes foodies healthyfood,9
1984,doctors surgeon medical,9
1985,surgeon medical diet,9
1986,tasty foodphotography yummy,9
1987,foodlover homemade homecooking,9
1988,chicken veggies healthyliving,9
1989,jitafarms eggs farm,9
1990,farm layers poultry,9
1991,vaccine lockdown economy,9
1992,stmfoodsindia noida sauce,9
1993,get today keto,9
1994,ingredients innovation technology,9
1995,innovation technology foodindustry,9
1996,foodindustry foodinnovation foodingredients,9
1997,diabetescare vdiabetic controldiabetes,9
1998,market revenue hit,9
1999,drink foodies agriculture,9
