,count
last,3
bed,3
thekalerkantho,2
group,2
healthtips,2
winter,2
nigeria,2
prepared,2
diet,2
days,2
business,2
deled,2
way,2
kalerkantho,2
power,2
bangladesh,2
kalerkanthonews,2
news,2
newsalert,2
smoothie,2
like,2
newsupdates,2
resercher,1
warm,1
blooded,1
animals,1
dr,1
ray,1
walford,1
book,1
publishing,1
unlimited,1
culture,1
glory,1
groundnutpeanut,1
pyramids,1
africa,1
span,1
constituents,1
study,1
maximum,1
tutor,1
notes,1
pupils,1
class,1
11,1
pupilstutor,1
bednotes,1
delednotes,1
healtheducation,1
physicaleducation,1
healtheducationnotes,1
foodconstituents,1
undernutrition,1
prescription,1
thus,1
far,1
aging,1
process,1
extend,1
sometimes,1
feel,1
might,1
space,1
hue,1
specialities,1
organic,1
wethenorth,1
fyi,1
inspiration,1
gt,1
christmas,1
peace,1
gratitude,1
nasa,1
faith,1
dalat,1
travel,1
coffee,1
christmastree,1
logo,1
friends,1
meditation,1
webdesign,1
websites,1
light,1
family,1
art,1
danang,1
vietnam,1
exactly,1
spfc,1
visit,1
protocol,1
suited,1
client,1
patient,1
wellchef,1
dish,1
standardised,1
healthcareworkers,1
used,1
case,1
prof,1
blog,1
knowledge,1
n,1
expertisedietitianswoes,1
17,1
workbook,1
guide,1
weight,1
loss,1
rapid,1
resultsdiet2021,1
cooking,1
treatment,1
house,1
talk,1
term,1
ask,1
stategov,1
wapol,1
wanews,1
auspol,1
abcnews,1
sugar,1
added,1
trending,1
keyword,1
consumers,1
walk,1
today,1
well,1
things,1
functional,1
noted,1
samantha,1
horvath,1
sugarfree,1
hansen,1
nutrition,1
would,1
away,1
thrown,1
smallbusiness,1
need,1
detoxtry,1
21,1
diethealth,1
healthyfood,1
detox,1
still,1
perth,1
western,1
suburbs,1
nearly,1
12,1
hours,1
issue,1
especially,1
seniors,1
young,1
children,1
also,1
huge,1
cost,1
foodtrends,1
lentil,1
soup,1
want,1
cook,1
ordering,1
dont,1
worry,1
darzee,1
got,1
back,1
affordably,1
priced,1
meals,1
top,1
ten,1
nutrients,1
ageingwatch,1
peytonprinciplesnutritionhealthynaturalhealthfood,1
start,1
ramen,1
noodle,1
budgetbudget,1
blessed,1
see,1
2021,1
piling,1
perfect,1
work,1
fix,1
boosts,1
immune,1
system,1
protects,1
heart,1
disease,1
even,1
lose,1
weighthealthfood,1
humanity,1
stay,1
save,1
planet,1
globalhealth,1
phaa,1
eatin,1
good,1
fuel,1
musician,1
holidayseason,1
mentalhealth,1
